year,state,crop,season,Area (Hectare),Production (Tonnes),Yield (Tonne/Hectare)
2007,Gujarat,Bajra,Kharif,728200.0,851700.0,1.1695962647624278
2007,Gujarat,Cotton,Kharif,2422000.0,1407431.9727891155,0.581103209244061
2007,Gujarat,Gram,Rabi,214800.0,210200.0,0.978584729981378
2007,Gujarat,Groundnut,Kharif,1712400.0,3049200.0,1.7806587245970569
2007,Gujarat,Jowar,Kharif,81400.0,110900.0,1.3624078624078624
2007,Gujarat,Jowar,Rabi,46600.0,45500.0,0.9763948497854076
2007,Gujarat,Maize,Kharif,424000.0,583100.0,1.3752358490566037
2007,Gujarat,Moong,Kharif,209400.0,114400.0,0.5463228271251194
2007,Gujarat,Paddy,Kharif,726000.0,1376300.0,1.8957300275482087
2007,Gujarat,Ragi,Kharif,21700.0,18200.0,0.8387096774193549
2007,Gujarat,Rapeseed & Mustard,Rabi,337000.0,551100.0,1.6353115727002967
2007,Gujarat,Sesame,Kharif,299600.0,140900.0,0.4702937249666221
2007,Gujarat,Tur,Kharif,265100.0,294200.0,1.1097698981516408
2007,Gujarat,Urad,Kharif,104200.0,71200.0,0.6833013435700576
2007,Gujarat,Wheat,Rabi,1273900.0,3837700.0,3.012559855561661
2007,Haryana,Bajra,Kharif,627983.0,1156000.0,1.8408141621668104
2007,Haryana,Barley,Rabi,39528.0,120000.0,3.035822707953856
2007,Haryana,Cotton,Kharif,482474.0,320068.0272108843,0.6633891716670418
2007,Haryana,Gram,Rabi,107338.0,54000.0,0.503083716857031
2007,Haryana,Groundnut,Kharif,1314.0,1000.0,0.76103500761035
2007,Haryana,Jowar,Kharif,90728.0,41000.0,0.4519001851688564
2007,Haryana,Maize,Kharif,13777.0,37000.0,2.685635479422225
2007,Haryana,Masoor,Rabi,3430.0,2600.0,0.7580174927113703
2007,Haryana,Moong,Kharif,21796.0,9600.0,0.4404477885850615
2007,Haryana,Paddy,Kharif,1072545.0,3606000.0,3.3620966952435563
2007,Haryana,Rapeseed & Mustard,Rabi,496483.0,597000.0,1.2024580902065125
2007,Haryana,Sesame,Kharif,2741.0,1000.0,0.3648303538854432
2007,Haryana,Sunflower,Rabi,8655.0,16200.0,1.8717504332755632
2007,Haryana,Tur,Kharif,28779.0,30600.0,1.06327530490983
2007,Haryana,Urad,Kharif,3511.0,1400.0,0.3987467957846767
2007,Haryana,Wheat,Rabi,2460680.0,10232000.0,4.158200172310093
2007,Maharashtra,Bajra,Kharif,1283000.0,1126900.0,0.878332034294622
2007,Maharashtra,Cotton,Kharif,3195400.0,1193010.2040816327,0.37335238282582245
2007,Maharashtra,Gram,Rabi,1353300.0,1115700.0,0.8244291731323432
2007,Maharashtra,Groundnut,Kharif,329300.0,365900.0,1.1111448527178864
2007,Maharashtra,Jowar,Kharif,1270600.0,1883800.0,1.4826066425310878
2007,Maharashtra,Jowar,Rabi,2876900.0,2119400.0,0.7366957488963816
2007,Maharashtra,Maize,Kharif,571100.0,1545200.0,2.705655752057433
2007,Maharashtra,Maize,Rabi,86700.0,223000.0,2.572087658592849
2007,Maharashtra,Moong,Kharif,660800.0,367100.0,0.5555387409200968
2007,Maharashtra,Paddy,Kharif,1535300.0,2912800.0,1.8972187846023576
2007,Maharashtra,Ragi,Kharif,128300.0,123500.0,0.9625876851130164
2007,Maharashtra,Rapeseed & Mustard,Rabi,9200.0,4300.0,0.4673913043478261
2007,Maharashtra,Safflower,Rabi,230900.0,153600.0,0.6652230402771763
2007,Maharashtra,Sesame,Kharif,88700.0,28600.0,0.322435174746336
2007,Maharashtra,Sesame,Rabi,3700.0,1300.0,0.3513513513513513
2007,Maharashtra,Soybean,Kharif,2663600.0,3976200.0,1.4927917104670372
2007,Maharashtra,Sunflower,Kharif,111500.0,64600.0,0.579372197309417
2007,Maharashtra,Sunflower,Rabi,176400.0,130200.0,0.7380952380952381
2007,Maharashtra,Tur,Kharif,1159100.0,1075700.0,0.9280476231558968
2007,Maharashtra,Urad,Kharif,563800.0,320200.0,0.5679318907413976
2007,Maharashtra,Wheat,Rabi,1252800.0,2371100.0,1.892640485312899
2007,Punjab,Bajra,Kharif,4000.0,4000.0,1.0
2007,Punjab,Barley,Rabi,16000.0,57000.0,3.5625
2007,Punjab,Cotton,Kharif,604000.0,400510.20408163266,0.6630963643735641
2007,Punjab,Gram,Rabi,2700.0,2800.0,1.037037037037037
2007,Punjab,Groundnut,Kharif,3100.0,2700.0,0.8709677419354839
2007,Punjab,Jowar,Kharif,100.0,100.0,1.0
2007,Punjab,Maize,Kharif,153000.0,521000.0,3.4052287581699345
2007,Punjab,Masoor,Rabi,1200.0,600.0,0.5
2007,Punjab,Moong,Kharif,11700.0,8400.0,0.717948717948718
2007,Punjab,Paddy,Kharif,2610000.0,10489000.0,4.018773946360153
2007,Punjab,Rapeseed & Mustard,Rabi,28000.0,33000.0,1.1785714285714286
2007,Punjab,Sesame,Kharif,8200.0,2700.0,0.3292682926829268
2007,Punjab,Tur,Kharif,6000.0,5400.0,0.9
2007,Punjab,Urad,Kharif,3500.0,1600.0,0.4571428571428571
2007,Punjab,Wheat,Rabi,3488000.0,15720000.0,4.506880733944954
2007,Uttar Pradesh,Bajra,Kharif,876979.0,1336355.0,1.5238164197774404
2007,Uttar Pradesh,Barley,Rabi,155298.0,327908.0,2.1114760009787634
2007,Uttar Pradesh,Cotton,Kharif,4260.0,197.61904761904762,0.046389447797898505
2007,Uttar Pradesh,Gram,Rabi,504777.0,376040.0,0.7449626270610586
2007,Uttar Pradesh,Groundnut,Kharif,98981.0,59174.0,0.5978319071336923
2007,Uttar Pradesh,Jowar,Kharif,211640.0,172805.0,0.8165044415044415
2007,Uttar Pradesh,Maize,Kharif,812088.0,1167245.0,1.437338071736068
2007,Uttar Pradesh,Maize,Rabi,3627.0,10185.0,2.8081058726220016
2007,Uttar Pradesh,Masoor,Rabi,507235.0,367669.0,0.7248494287657594
2007,Uttar Pradesh,Moong,Kharif,31082.0,6183.0,0.1989254230744482
2007,Uttar Pradesh,Paddy,Kharif,5690539.0,11731754.0,2.061624390940823
2007,Uttar Pradesh,Rapeseed & Mustard,Rabi,627431.0,726256.0,1.1575073593749752
2007,Uttar Pradesh,Sesame,Kharif,152905.0,23491.0,0.1536313397207416
2007,Uttar Pradesh,Soybean,Kharif,4834.0,3239.0,0.670045510964005
2007,Uttar Pradesh,Tur,Kharif,368230.0,327918.0,0.8905249436493496
2007,Uttar Pradesh,Urad,Kharif,342102.0,150004.0,0.4384774131691717
2007,Uttar Pradesh,Wheat,Rabi,9114880.0,25679089.0,2.8172712092753827
2008,Gujarat,Bajra,Kharif,528700.0,535200.0,1.01229430679024
2008,Gujarat,Cotton,Kharif,2353600.0,1192823.1292517006,0.506807923713333
2008,Gujarat,Gram,Rabi,175400.0,176800.0,1.007981755986317
2008,Gujarat,Groundnut,Kharif,1795400.0,2456000.0,1.367940291856968
2008,Gujarat,Jowar,Kharif,124200.0,165300.0,1.3309178743961352
2008,Gujarat,Jowar,Rabi,50000.0,42900.0,0.858
2008,Gujarat,Maize,Kharif,418900.0,602600.0,1.4385294819766057
2008,Gujarat,Moong,Kharif,162000.0,70100.0,0.4327160493827161
2008,Gujarat,Paddy,Kharif,722100.0,1225500.0,1.6971333610303283
2008,Gujarat,Ragi,Kharif,19400.0,20000.0,1.0309278350515465
2008,Gujarat,Rapeseed & Mustard,Rabi,293900.0,334300.0,1.1374617216740388
2008,Gujarat,Sesame,Kharif,238500.0,84900.0,0.3559748427672956
2008,Gujarat,Tur,Kharif,266100.0,262700.0,0.9872228485531755
2008,Gujarat,Urad,Kharif,95500.0,64100.0,0.6712041884816754
2008,Gujarat,Wheat,Rabi,1091400.0,2592600.0,2.375481033534909
2008,Haryana,Bajra,Kharif,612934.0,1087000.0,1.7734372705707302
2008,Haryana,Barley,Rabi,53028.0,185000.0,3.488722938824772
2008,Haryana,Cotton,Kharif,456086.0,316666.6666666666,0.6943134993546539
2008,Haryana,Gram,Rabi,123563.0,129000.0,1.0440018452125637
2008,Haryana,Groundnut,Kharif,1544.0,1400.0,0.9067357512953368
2008,Haryana,Jowar,Kharif,86595.0,44000.0,0.508112477625729
2008,Haryana,Maize,Kharif,11769.0,25200.0,2.1412184552638287
2008,Haryana,Masoor,Rabi,4858.0,3600.0,0.7410456978180321
2008,Haryana,Moong,Kharif,14380.0,6500.0,0.4520166898470097
2008,Haryana,Paddy,Kharif,1211149.0,3299000.0,2.7238597398008007
2008,Haryana,Rapeseed & Mustard,Rabi,513982.0,894900.0,1.7411115564358286
2008,Haryana,Sesame,Kharif,3644.0,1300.0,0.3567508232711306
2008,Haryana,Sunflower,Rabi,6544.0,11800.0,1.8031784841075795
2008,Haryana,Tur,Kharif,33431.0,35800.0,1.070862373246388
2008,Haryana,Urad,Kharif,2580.0,1000.0,0.3875968992248062
2008,Haryana,Wheat,Rabi,2461420.0,11360000.0,4.615222107563927
2008,Maharashtra,Bajra,Kharif,865400.0,661900.0,0.7648486249133348
2008,Maharashtra,Cotton,Kharif,3146000.0,808214.2857142857,0.2569021887203706
2008,Maharashtra,Gram,Rabi,1143300.0,773900.0,0.6769002011720459
2008,Maharashtra,Groundnut,Kharif,253600.0,257500.0,1.015378548895899
2008,Maharashtra,Jowar,Kharif,847300.0,984800.0,1.1622801841142452
2008,Maharashtra,Jowar,Rabi,3223900.0,2367200.0,0.7342659511771457
2008,Maharashtra,Maize,Kharif,550100.0,1323000.0,2.405017269587348
2008,Maharashtra,Maize,Rabi,85900.0,206700.0,2.406286379511059
2008,Maharashtra,Moong,Kharif,426600.0,106000.0,0.2484763244256915
2008,Maharashtra,Paddy,Kharif,1499500.0,2234300.0,1.4900300100033343
2008,Maharashtra,Ragi,Kharif,125500.0,125000.0,0.99601593625498
2008,Maharashtra,Rapeseed & Mustard,Rabi,6200.0,2100.0,0.3387096774193548
2008,Maharashtra,Safflower,Rabi,185700.0,105200.0,0.5665051157781368
2008,Maharashtra,Sesame,Kharif,54100.0,13600.0,0.2513863216266174
2008,Maharashtra,Sesame,Rabi,1700.0,700.0,0.4117647058823529
2008,Maharashtra,Soybean,Kharif,3063200.0,1839900.0,0.6006463828675894
2008,Maharashtra,Sunflower,Kharif,110800.0,58000.0,0.5234657039711191
2008,Maharashtra,Sunflower,Rabi,146900.0,91800.0,0.6249149081007488
2008,Maharashtra,Tur,Kharif,1008500.0,605000.0,0.5999008428358948
2008,Maharashtra,Urad,Kharif,323900.0,99900.0,0.3084285273232479
2008,Maharashtra,Wheat,Rabi,1021800.0,1516400.0,1.4840477588569192
2008,Punjab,Bajra,Kharif,5000.0,5000.0,1.0
2008,Punjab,Barley,Rabi,16000.0,55000.0,3.4375
2008,Punjab,Cotton,Kharif,527000.0,388605.4421768707,0.7373917308859027
2008,Punjab,Gram,Rabi,2900.0,3400.0,1.1724137931034482
2008,Punjab,Groundnut,Kharif,2700.0,2500.0,0.925925925925926
2008,Punjab,Jowar,Kharif,100.0,100.0,1.0
2008,Punjab,Maize,Kharif,151000.0,514000.0,3.403973509933775
2008,Punjab,Masoor,Rabi,1100.0,600.0,0.5454545454545454
2008,Punjab,Moong,Kharif,8900.0,7900.0,0.8876404494382022
2008,Punjab,Paddy,Kharif,2735000.0,11000000.0,4.021937842778794
2008,Punjab,Rapeseed & Mustard,Rabi,27000.0,33000.0,1.2222222222222223
2008,Punjab,Sesame,Kharif,8300.0,2800.0,0.3373493975903614
2008,Punjab,Tur,Kharif,5900.0,5700.0,0.9661016949152542
2008,Punjab,Urad,Kharif,2900.0,1400.0,0.4827586206896552
2008,Punjab,Wheat,Rabi,3466000.0,15733000.0,4.539238315060588
2008,Uttar Pradesh,Bajra,Kharif,809300.0,1302073.0,1.608887927838873
2008,Uttar Pradesh,Barley,Rabi,171861.0,376048.0,2.1880938665549485
2008,Uttar Pradesh,Cotton,Kharif,3556.0,132.82312925170066,0.037351836122525496
2008,Uttar Pradesh,Gram,Rabi,554434.0,561508.0,1.0127589577839742
2008,Uttar Pradesh,Groundnut,Kharif,94534.0,67482.0,0.7138384073455053
2008,Uttar Pradesh,Jowar,Kharif,192564.0,195473.0,1.015106665835774
2008,Uttar Pradesh,Maize,Kharif,769793.0,1151245.0,1.4955254204701784
2008,Uttar Pradesh,Maize,Rabi,3617.0,9495.0,2.625103677080453
2008,Uttar Pradesh,Masoor,Rabi,520736.0,459705.0,0.8827985773981442
2008,Uttar Pradesh,Moong,Kharif,30518.0,11286.0,0.3698145356838587
2008,Uttar Pradesh,Paddy,Kharif,6011761.0,13051365.0,2.1709720329866737
2008,Uttar Pradesh,Rapeseed & Mustard,Rabi,656347.0,736849.0,1.1226515852133094
2008,Uttar Pradesh,Sesame,Kharif,192438.0,31736.0,0.1649154532888515
2008,Uttar Pradesh,Soybean,Kharif,10599.0,9104.0,0.8589489574488159
2008,Uttar Pradesh,Tur,Kharif,314785.0,287720.0,0.9140206807821212
2008,Uttar Pradesh,Urad,Kharif,362921.0,195349.0,0.538268659019456
2008,Uttar Pradesh,Wheat,Rabi,9513039.0,28554178.0,3.001583195443643
2009,Gujarat,Bajra,Kharif,498800.0,432400.0,0.8668805132317562
2009,Gujarat,Cotton,Kharif,2464400.0,1258673.469387755,0.5107423589465002
2009,Gujarat,Gram,Rabi,132200.0,124900.0,0.9447806354009076
2009,Gujarat,Groundnut,Kharif,1757600.0,1633200.0,0.9292216659080564
2009,Gujarat,Jowar,Kharif,111800.0,118400.0,1.0590339892665477
2009,Gujarat,Jowar,Rabi,51600.0,52900.0,1.0251937984496124
2009,Gujarat,Maize,Kharif,411700.0,396600.0,0.963322807869808
2009,Gujarat,Moong,Kharif,165500.0,59700.0,0.3607250755287009
2009,Gujarat,Paddy,Kharif,658500.0,1228400.0,1.8654517843583904
2009,Gujarat,Ragi,Kharif,14700.0,11000.0,0.7482993197278912
2009,Gujarat,Rapeseed & Mustard,Rabi,216000.0,341400.0,1.5805555555555555
2009,Gujarat,Sesame,Kharif,225900.0,80400.0,0.3559096945551129
2009,Gujarat,Tur,Kharif,266600.0,241500.0,0.9058514628657164
2009,Gujarat,Urad,Kharif,97900.0,50500.0,0.515832482124617
2009,Gujarat,Wheat,Rabi,878000.0,2351300.0,2.6780182232346244
2009,Haryana,Bajra,Kharif,583809.0,930000.0,1.5929867473779953
2009,Haryana,Barley,Rabi,42096.0,137000.0,3.254465982516153
2009,Haryana,Cotton,Kharif,505082.0,326190.47619047615,0.6458168697171472
2009,Haryana,Gram,Rabi,84031.0,62000.0,0.7378229462936298
2009,Haryana,Groundnut,Kharif,1729.0,1600.0,0.9253903990746096
2009,Haryana,Jowar,Kharif,77671.0,390.0,0.0050211790758455
2009,Haryana,Maize,Kharif,12199.0,26000.0,2.13132223952783
2009,Haryana,Masoor,Rabi,4646.0,3600.0,0.7748600947051227
2009,Haryana,Moong,Kharif,14899.0,6600.0,0.4429827505201691
2009,Haryana,Paddy,Kharif,1206435.0,3628000.0,3.0072071848048174
2009,Haryana,Sesame,Kharif,2990.0,1200.0,0.4013377926421405
2009,Haryana,Sunflower,Rabi,6189.0,11100.0,1.793504604944256
2009,Haryana,Tur,Kharif,19853.0,21600.0,1.087996776305848
2009,Haryana,Urad,Kharif,2964.0,1100.0,0.3711201079622132
2009,Haryana,Wheat,Rabi,2487756.0,10488000.0,4.215847534886862
2009,Maharashtra,Bajra,Kharif,1033500.0,766300.0,0.7414610546686018
2009,Maharashtra,Cotton,Kharif,3391500.0,869251.7006802721,0.25630302246211767
2009,Maharashtra,Gram,Rabi,1291400.0,1114400.0,0.862939445562955
2009,Maharashtra,Groundnut,Kharif,260400.0,263800.0,1.0130568356374807
2009,Maharashtra,Jowar,Kharif,1064300.0,1151844.0,1.0822550032885463
2009,Maharashtra,Jowar,Rabi,3112000.0,2413700.0,0.7756105398457583
2009,Maharashtra,Maize,Kharif,673000.0,1530600.0,2.274294205052006
2009,Maharashtra,Maize,Rabi,101400.0,267200.0,2.635108481262328
2009,Maharashtra,Moong,Kharif,427700.0,142000.0,0.3320084171148001
2009,Maharashtra,Paddy,Kharif,1450000.0,2138100.0,1.4745517241379311
2009,Maharashtra,Ragi,Kharif,120200.0,108700.0,0.9043261231281198
2009,Maharashtra,Rapeseed & Mustard,Rabi,5800.0,2240.0,0.3862068965517241
2009,Maharashtra,Safflower,Rabi,188100.0,108900.0,0.5789473684210527
2009,Maharashtra,Sesame,Kharif,52100.0,13500.0,0.2591170825335892
2009,Maharashtra,Sesame,Rabi,2500.0,500.0,0.2
2009,Maharashtra,Soybean,Kharif,3019100.0,2197000.0,0.7277003080388195
2009,Maharashtra,Sunflower,Kharif,74000.0,30826.0,0.4165675675675676
2009,Maharashtra,Sunflower,Rabi,140600.0,79700.0,0.5668563300142248
2009,Maharashtra,Tur,Kharif,1093200.0,919100.0,0.8407427735089645
2009,Maharashtra,Urad,Kharif,353500.0,117700.0,0.3329561527581329
2009,Maharashtra,Wheat,Rabi,1080900.0,1740200.0,1.6099546674067906
2009,Punjab,Bajra,Kharif,3000.0,4000.0,1.3333333333333333
2009,Punjab,Barley,Rabi,14000.0,47000.0,3.357142857142857
2009,Punjab,Cotton,Kharif,511000.0,341156.462585034,0.6676251713992838
2009,Punjab,Gram,Rabi,3000.0,3400.0,1.1333333333333333
2009,Punjab,Groundnut,Kharif,2500.0,3100.0,1.24
2009,Punjab,Jowar,Kharif,100.0,100.0,1.0
2009,Punjab,Maize,Kharif,139000.0,475000.0,3.41726618705036
2009,Punjab,Masoor,Rabi,1100.0,700.0,0.6363636363636364
2009,Punjab,Moong,Kharif,7000.0,6400.0,0.9142857142857144
2009,Punjab,Paddy,Kharif,2802000.0,11236000.0,4.009992862241257
2009,Punjab,Rapeseed & Mustard,Rabi,30000.0,39000.0,1.3
2009,Punjab,Sesame,Kharif,7000.0,2600.0,0.3714285714285714
2009,Punjab,Tur,Kharif,4600.0,4400.0,0.9565217391304348
2009,Punjab,Urad,Kharif,2800.0,1400.0,0.5
2009,Punjab,Wheat,Rabi,3522000.0,15169000.0,4.306927881885293
2009,Uttar Pradesh,Bajra,Kharif,848617.0,1388711.0,1.636440231576789
2009,Uttar Pradesh,Barley,Rabi,171382.0,362278.0,2.113862599339487
2009,Uttar Pradesh,Cotton,Kharif,4971.0,142.51700680272108,0.028669685536656817
2009,Uttar Pradesh,Gram,Rabi,618202.0,508556.0,0.8226372609600099
2009,Uttar Pradesh,Groundnut,Kharif,90652.0,61093.0,0.6739288708467546
2009,Uttar Pradesh,Jowar,Kharif,190976.0,169571.0,0.8879178535522788
2009,Uttar Pradesh,Maize,Kharif,674808.0,982139.0,1.4554347310642437
2009,Uttar Pradesh,Maize,Rabi,4636.0,14162.0,3.054788610871441
2009,Uttar Pradesh,Masoor,Rabi,592405.0,475940.0,0.8034030772866536
2009,Uttar Pradesh,Moong,Kharif,35348.0,5227.0,0.1478725811927124
2009,Uttar Pradesh,Paddy,Kharif,5148046.0,10714990.0,2.0813702907860576
2009,Uttar Pradesh,Rapeseed & Mustard,Rabi,613276.0,682489.0,1.1128578323625904
2009,Uttar Pradesh,Sesame,Kharif,331799.0,34504.0,0.1039906690496354
2009,Uttar Pradesh,Soybean,Kharif,7169.0,7563.0,1.0549588506067793
2009,Uttar Pradesh,Tur,Kharif,304747.0,201685.0,0.661811272957568
2009,Uttar Pradesh,Urad,Kharif,501548.0,191479.0,0.3817760214376291
2009,Uttar Pradesh,Wheat,Rabi,9668152.0,27518022.0,2.846254589294831
2010,Gujarat,Bajra,Kharif,489500.0,559200.0,1.1423901940755874
2010,Gujarat,Cotton,Kharif,2623200.0,1670969.387755102,0.6369965644080139
2010,Gujarat,Gram,Rabi,175500.0,199800.0,1.1384615384615384
2010,Gujarat,Groundnut,Kharif,1691200.0,3159100.0,1.8679635761589404
2010,Gujarat,Jowar,Kharif,76400.0,80700.0,1.056282722513089
2010,Gujarat,Jowar,Rabi,49400.0,58300.0,1.180161943319838
2010,Gujarat,Maize,Kharif,422500.0,692100.0,1.6381065088757396
2010,Gujarat,Maize,Rabi,110000.0,220000.0,2.0
2010,Gujarat,Moong,Kharif,177400.0,89200.0,0.5028184892897407
2010,Gujarat,Paddy,Kharif,728300.0,1423800.0,1.9549636138953728
2010,Gujarat,Ragi,Kharif,20000.0,13900.0,0.695
2010,Gujarat,Rapeseed & Mustard,Rabi,222700.0,349200.0,1.5680287382128424
2010,Gujarat,Sesame,Kharif,213800.0,88500.0,0.4139382600561272
2010,Gujarat,Soybean,Kharif,84000.0,68100.0,0.8107142857142857
2010,Gujarat,Tur,Kharif,276700.0,272900.0,0.986266714853632
2010,Gujarat,Urad,Kharif,102100.0,68700.0,0.672869735553379
2010,Gujarat,Wheat,Rabi,1588600.0,5013400.0,3.155860506106005
2010,Haryana,Bajra,Kharif,659592.0,1183000.0,1.7935329718977793
2010,Haryana,Barley,Rabi,37269.0,130000.0,3.488153693418122
2010,Haryana,Cotton,Kharif,493228.0,297108.84353741497,0.6023762712932252
2010,Haryana,Gram,Rabi,111521.0,110000.0,0.9863613131159154
2010,Haryana,Groundnut,Kharif,2318.0,2400.0,1.035375323554789
2010,Haryana,Jowar,Kharif,70846.0,38000.0,0.5363746718233916
2010,Haryana,Maize,Kharif,9662.0,19000.0,1.9664665700683088
2010,Haryana,Masoor,Rabi,3663.0,3300.0,0.9009009009009008
2010,Haryana,Moong,Kharif,25983.0,11900.0,0.4579917638455913
2010,Haryana,Paddy,Kharif,1243281.0,3465000.0,2.786980578002881
2010,Haryana,Rapeseed & Mustard,Rabi,509709.0,953000.0,1.8696942765381817
2010,Haryana,Sesame,Kharif,3268.0,1400.0,0.4283965728274174
2010,Haryana,Soybean,Kharif,2.0,,
2010,Haryana,Sunflower,Kharif,4002.0,7400.0,1.8490754622688657
2010,Haryana,Tur,Kharif,21927.0,23700.0,1.0808592146668492
2010,Haryana,Urad,Kharif,1387.0,700.0,0.5046863734679163
2010,Haryana,Wheat,Rabi,2503963.0,11578000.0,4.623870240894135
2010,Maharashtra,Bajra,Kharif,1034600.0,1123500.0,1.0859269282814614
2010,Maharashtra,Cotton,Kharif,3941900.0,1270833.3333333333,0.3223910635311229
2010,Maharashtra,Gram,Rabi,1437900.0,1300200.0,0.9042353432088462
2010,Maharashtra,Groundnut,Kharif,275200.0,345500.0,1.255450581395349
2010,Maharashtra,Jowar,Kharif,1031700.0,1367500.0,1.3254822138218474
2010,Maharashtra,Jowar,Rabi,3027500.0,2084800.0,0.6886209744013212
2010,Maharashtra,Maize,Kharif,730600.0,2208900.0,3.023405420202573
2010,Maharashtra,Maize,Rabi,137600.0,361800.0,2.629360465116279
2010,Maharashtra,Moong,Kharif,553700.0,372400.0,0.672566371681416
2010,Maharashtra,Paddy,Kharif,1486200.0,2625100.0,1.7663167810523484
2010,Maharashtra,Ragi,Kharif,120000.0,117500.0,0.9791666666666666
2010,Maharashtra,Rapeseed & Mustard,Rabi,7700.0,2860.0,0.3714285714285714
2010,Maharashtra,Safflower,Rabi,172900.0,93900.0,0.5430884904569115
2010,Maharashtra,Sesame,Kharif,52600.0,18830.0,0.3579847908745247
2010,Maharashtra,Sesame,Rabi,2900.0,906.0,0.3124137931034483
2010,Maharashtra,Soybean,Kharif,2729100.0,4316100.0,1.5815103880400132
2010,Maharashtra,Sunflower,Kharif,68800.0,35000.0,0.5087209302325582
2010,Maharashtra,Sunflower,Rabi,138800.0,89800.0,0.6469740634005764
2010,Maharashtra,Tur,Kharif,1301900.0,975800.0,0.7495199324064828
2010,Maharashtra,Urad,Kharif,481700.0,328700.0,0.6823749221507163
2010,Maharashtra,Wheat,Rabi,1306600.0,2300800.0,1.7609061686820755
2010,Punjab,Bajra,Kharif,3000.0,3000.0,1.0
2010,Punjab,Barley,Rabi,12000.0,44000.0,3.6666666666666665
2010,Punjab,Cotton,Kharif,483000.0,309863.9455782313,0.641540259996338
2010,Punjab,Gram,Rabi,2100.0,2700.0,1.2857142857142858
2010,Punjab,Groundnut,Kharif,2200.0,3900.0,1.7727272727272727
2010,Punjab,Maize,Kharif,133000.0,491000.0,3.691729323308271
2010,Punjab,Masoor,Rabi,1100.0,739.0,0.6718181818181819
2010,Punjab,Moong,Kharif,7800.0,6300.0,0.8076923076923077
2010,Punjab,Paddy,Kharif,2831000.0,10837000.0,3.827975980219004
2010,Punjab,Rapeseed & Mustard,Rabi,31000.0,41000.0,1.3225806451612905
2010,Punjab,Sesame,Kharif,5700.0,2300.0,0.4035087719298245
2010,Punjab,Tur,Kharif,4200.0,3900.0,0.9285714285714286
2010,Punjab,Urad,Kharif,2800.0,1600.0,0.5714285714285714
2010,Punjab,Wheat,Rabi,3510000.0,16472000.0,4.692877492877493
2010,Uttar Pradesh,Bajra,Kharif,935272.0,1556891.0,1.6646398053186666
2010,Uttar Pradesh,Barley,Rabi,162406.0,402239.0,2.476749627476817
2010,Uttar Pradesh,Cotton,Kharif,3734.0,114.45578231292517,0.03065232520431847
2010,Uttar Pradesh,Gram,Rabi,570289.0,530326.0,0.9299250029371072
2010,Uttar Pradesh,Groundnut,Kharif,85258.0,84246.0,0.9881301461446432
2010,Uttar Pradesh,Jowar,Kharif,201205.0,207513.0,1.0313511095648715
2010,Uttar Pradesh,Maize,Kharif,718026.0,1052727.0,1.4661405018759766
2010,Uttar Pradesh,Maize,Rabi,5492.0,16498.0,3.004005826656956
2010,Uttar Pradesh,Masoor,Rabi,586132.0,410968.0,0.7011526413845346
2010,Uttar Pradesh,Moong,Kharif,41377.0,19457.0,0.4702370882374266
2010,Uttar Pradesh,Paddy,Kharif,5631949.0,11938078.0,2.1197063396703344
2010,Uttar Pradesh,Rapeseed & Mustard,Rabi,603593.0,716960.0,1.1878202696187663
2010,Uttar Pradesh,Sesame,Kharif,335623.0,66157.0,0.1971170033043027
2010,Uttar Pradesh,Soybean,Kharif,10939.0,13475.0,1.2318310631684797
2010,Uttar Pradesh,Tur,Kharif,344186.0,308419.0,0.8960823508219393
2010,Uttar Pradesh,Urad,Kharif,494406.0,333778.0,0.6751091208440027
2010,Uttar Pradesh,Wheat,Rabi,9636540.0,30000632.0,3.1132161543458543
2011,Gujarat,Bajra,Kharif,433800.0,517300.0,1.1924850161364684
2011,Gujarat,Cotton,Kharif,3003100.0,1764387.7551020407,0.5875221454836804
2011,Gujarat,Gram,Rabi,239900.0,273300.0,1.1392246769487286
2011,Gujarat,Groundnut,Kharif,1454000.0,2273100.0,1.5633425034387896
2011,Gujarat,Jowar,Kharif,68200.0,80400.0,1.1788856304985338
2011,Gujarat,Jowar,Rabi,55800.0,59400.0,1.064516129032258
2011,Gujarat,Maize,Kharif,387000.0,539400.0,1.3937984496124032
2011,Gujarat,Maize,Rabi,106100.0,199900.0,1.884071630537229
2011,Gujarat,Moong,Kharif,200000.0,87700.0,0.4385
2011,Gujarat,Paddy,Kharif,751300.0,1521800.0,2.025555703447358
2011,Gujarat,Ragi,Kharif,16200.0,13300.0,0.8209876543209876
2011,Gujarat,Rapeseed & Mustard,Rabi,207600.0,327300.0,1.5765895953757223
2011,Gujarat,Sesame,Kharif,175700.0,81500.0,0.4638588503130336
2011,Gujarat,Soybean,Kharif,42100.0,33400.0,0.7933491686460807
2011,Gujarat,Tur,Kharif,244400.0,257500.0,1.0536006546644845
2011,Gujarat,Urad,Kharif,96200.0,67600.0,0.7027027027027027
2011,Gujarat,Wheat,Rabi,1350600.0,4072100.0,3.0150303568784245
2011,Haryana,Bajra,Kharif,576167.0,1175000.0,2.0393392887825925
2011,Haryana,Barley,Rabi,41197.0,149000.0,3.61676821127752
2011,Haryana,Cotton,Kharif,601756.0,445748.29931972787,0.7407459158192488
2011,Haryana,Gram,Rabi,78882.0,73000.0,0.9254329251286731
2011,Haryana,Groundnut,Kharif,2084.0,2000.0,0.9596928982725528
2011,Haryana,Jowar,Kharif,64690.0,33000.0,0.5101252125521719
2011,Haryana,Maize,Kharif,11045.0,30000.0,2.716161158895428
2011,Haryana,Masoor,Rabi,3794.0,3400.0,0.8961518186610438
2011,Haryana,Moong,Kharif,16846.0,8000.0,0.4748901816454944
2011,Haryana,Paddy,Kharif,1234094.0,3574300.0,2.896294771711069
2011,Haryana,Rapeseed & Mustard,Rabi,535850.0,747700.0,1.3953531771951106
2011,Haryana,Sesame,Kharif,1970.0,700.0,0.3553299492385787
2011,Haryana,Soybean,Kharif,3.0,,
2011,Haryana,Sunflower,Kharif,2978.0,3100.0,1.0409670920080591
2011,Haryana,Tur,Kharif,16803.0,18200.0,1.0831399154912813
2011,Haryana,Urad,Kharif,2013.0,700.0,0.347739692001987
2011,Haryana,Wheat,Rabi,2531302.0,13119000.0,5.182708345349547
2011,Maharashtra,Bajra,Kharif,838200.0,823300.0,0.9822238129324744
2011,Maharashtra,Cotton,Kharif,4166700.0,1159880.9523809524,0.27836920161781564
2011,Maharashtra,Gram,Rabi,1075100.0,857500.0,0.7976002232350479
2011,Maharashtra,Groundnut,Kharif,237700.0,257140.0,1.0817837610433318
2011,Maharashtra,Jowar,Kharif,895600.0,1341700.0,1.4981018311746317
2011,Maharashtra,Jowar,Rabi,2333400.0,1285500.0,0.5509128310619696
2011,Maharashtra,Maize,Kharif,736200.0,2126700.0,2.888753056234719
2011,Maharashtra,Maize,Rabi,116200.0,294500.0,2.534423407917384
2011,Maharashtra,Moong,Kharif,432700.0,253540.0,0.5859486942454356
2011,Maharashtra,Paddy,Kharif,1516400.0,2784600.0,1.836322869955157
2011,Maharashtra,Ragi,Kharif,130300.0,137800.0,1.0575594781273985
2011,Maharashtra,Rapeseed & Mustard,Rabi,13100.0,4570.0,0.348854961832061
2011,Maharashtra,Safflower,Rabi,130700.0,71100.0,0.5439938791124713
2011,Maharashtra,Sesame,Kharif,42300.0,14210.0,0.3359338061465721
2011,Maharashtra,Sesame,Rabi,3200.0,970.0,0.303125
2011,Maharashtra,Soybean,Kharif,3010300.0,3969200.0,1.3185396804305218
2011,Maharashtra,Sunflower,Kharif,41700.0,22750.0,0.5455635491606715
2011,Maharashtra,Sunflower,Rabi,55400.0,33800.0,0.6101083032490975
2011,Maharashtra,Tur,Kharif,1233100.0,870900.0,0.7062687535479686
2011,Maharashtra,Urad,Kharif,363900.0,249460.0,0.6855179994503985
2011,Maharashtra,Wheat,Rabi,878100.0,1498800.0,1.7068670994192006
2011,Punjab,Bajra,Kharif,3000.0,3000.0,1.0
2011,Punjab,Barley,Rabi,12000.0,47000.0,3.9166666666666665
2011,Punjab,Cotton,Kharif,515000.0,275680.27210884355,0.5353014992404729
2011,Punjab,Gram,Rabi,1800.0,2200.0,1.2222222222222223
2011,Punjab,Groundnut,Kharif,1700.0,2900.0,1.7058823529411764
2011,Punjab,Maize,Kharif,126000.0,502000.0,3.984126984126984
2011,Punjab,Masoor,Rabi,1000.0,720.0,0.72
2011,Punjab,Moong,Kharif,6600.0,5600.0,0.8484848484848485
2011,Punjab,Paddy,Kharif,2818000.0,10542000.0,3.7409510290986514
2011,Punjab,Rapeseed & Mustard,Rabi,29000.0,37000.0,1.2758620689655171
2011,Punjab,Sesame,Kharif,4800.0,1600.0,0.3333333333333333
2011,Punjab,Tur,Kharif,3100.0,2700.0,0.8709677419354839
2011,Punjab,Urad,Kharif,2800.0,1100.0,0.3928571428571428
2011,Punjab,Wheat,Rabi,3528000.0,17982000.0,5.096938775510204
2011,Uttar Pradesh,Bajra,Kharif,887967.0,1632879.0,1.8388960400555423
2011,Uttar Pradesh,Barley,Rabi,157716.0,403700.0,2.55966420654848
2011,Uttar Pradesh,Cotton,Kharif,3842.0,154.93197278911563,0.04032586485921801
2011,Uttar Pradesh,Gram,Rabi,576684.0,683466.0,1.185165532596708
2011,Uttar Pradesh,Groundnut,Kharif,92243.0,92347.0,1.0011274568259922
2011,Uttar Pradesh,Jowar,Kharif,192340.0,212514.0,1.1048871789539358
2011,Uttar Pradesh,Maize,Kharif,745217.0,1232077.0,1.6533130618329963
2011,Uttar Pradesh,Maize,Rabi,8864.0,21143.0,2.3852662454873648
2011,Uttar Pradesh,Masoor,Rabi,573244.0,505176.0,0.8812582425633761
2011,Uttar Pradesh,Moong,Kharif,38194.0,16182.0,0.423679111902393
2011,Uttar Pradesh,Paddy,Kharif,5922643.0,13962896.0,2.3575447650651915
2011,Uttar Pradesh,Rapeseed & Mustard,Rabi,639211.0,725893.0,1.1356078039958637
2011,Uttar Pradesh,Sesame,Kharif,344914.0,74778.0,0.2168018694515154
2011,Uttar Pradesh,Soybean,Kharif,17670.0,22123.0,1.252009054895303
2011,Uttar Pradesh,Tur,Kharif,319506.0,333810.0,1.0447691123171396
2011,Uttar Pradesh,Urad,Kharif,507317.0,339225.0,0.6686647599035711
2011,Uttar Pradesh,Wheat,Rabi,9731150.0,31892480.0,3.277359818726461
2012,Gujarat,Bajra,Kharif,334400.0,346800.0,1.0370813397129186
2012,Gujarat,Cotton,Kharif,2457200.0,841989.7959183673,0.3426622968901055
2012,Gujarat,Gram,Rabi,136100.0,133100.0,0.9779573842762674
2012,Gujarat,Groundnut,Kharif,1219400.0,612000.0,0.5018861735279646
2012,Gujarat,Jowar,Kharif,49500.0,76000.0,1.5353535353535352
2012,Gujarat,Jowar,Rabi,30100.0,31300.0,1.0398671096345515
2012,Gujarat,Maize,Kharif,373200.0,625000.0,1.67470525187567
2012,Gujarat,Maize,Rabi,80600.0,157100.0,1.9491315136476424
2012,Gujarat,Moong,Kharif,91600.0,39900.0,0.435589519650655
2012,Gujarat,Paddy,Kharif,672000.0,1408100.0,2.095386904761905
2012,Gujarat,Ragi,Kharif,17300.0,16500.0,0.953757225433526
2012,Gujarat,Rapeseed & Mustard,Rabi,212800.0,360600.0,1.6945488721804511
2012,Gujarat,Sesame,Kharif,125700.0,42200.0,0.335719968178202
2012,Gujarat,Soybean,Kharif,46500.0,36400.0,0.7827956989247312
2012,Gujarat,Tur,Kharif,228100.0,270200.0,1.1845681718544498
2012,Gujarat,Urad,Kharif,94400.0,59600.0,0.6313559322033898
2012,Gujarat,Wheat,Rabi,1023500.0,2944000.0,2.8764044943820224
2012,Haryana,Bajra,Kharif,410731.0,791000.0,1.9258346703803704
2012,Haryana,Barley,Rabi,47696.0,167000.0,3.501341831600134
2012,Haryana,Cotton,Kharif,592640.0,404421.76870748296,0.6824071421225077
2012,Haryana,Gram,Rabi,47033.0,53000.0,1.1268683690174983
2012,Haryana,Groundnut,Kharif,2606.0,3071.0,1.1784343821949348
2012,Haryana,Jowar,Kharif,55196.0,27500.0,0.4982245090223929
2012,Haryana,Maize,Kharif,9878.0,26000.0,2.6321117635148816
2012,Haryana,Masoor,Rabi,2620.0,2574.0,0.982442748091603
2012,Haryana,Moong,Kharif,8616.0,4167.0,0.4836350974930362
2012,Haryana,Paddy,Kharif,1206255.0,3941000.0,3.267136716531745
2012,Haryana,Rapeseed & Mustard,Rabi,558290.0,959300.0,1.7182826129789175
2012,Haryana,Sesame,Kharif,1459.0,579.0,0.3968471555860178
2012,Haryana,Sunflower,Kharif,3891.0,8400.0,2.158828064764842
2012,Haryana,Tur,Kharif,12552.0,13863.0,1.1044455066921606
2012,Haryana,Urad,Kharif,2156.0,816.0,0.3784786641929499
2012,Haryana,Wheat,Rabi,2496905.0,11117000.0,4.452311962209215
2012,Maharashtra,Bajra,Kharif,788200.0,502400.0,0.6374016747018523
2012,Maharashtra,Cotton,Kharif,4187000.0,1155272.1088435373,0.2759188222697725
2012,Maharashtra,Gram,Rabi,1134500.0,867900.0,0.7650066108417806
2012,Maharashtra,Groundnut,Kharif,238000.0,236100.0,0.9920168067226892
2012,Maharashtra,Jowar,Kharif,888700.0,1197400.0,1.3473613142792844
2012,Maharashtra,Jowar,Rabi,2401200.0,911500.0,0.3796018657337998
2012,Maharashtra,Maize,Kharif,688800.0,1581900.0,2.296602787456446
2012,Maharashtra,Maize,Rabi,121000.0,229800.0,1.899173553719008
2012,Maharashtra,Moong,Kharif,431200.0,211340.0,0.4901205936920222
2012,Maharashtra,Paddy,Kharif,1528100.0,3001640.0,1.9642955303972247
2012,Maharashtra,Ragi,Kharif,124500.0,139000.0,1.1164658634538152
2012,Maharashtra,Rapeseed & Mustard,Rabi,8700.0,2460.0,0.2827586206896552
2012,Maharashtra,Safflower,Rabi,104900.0,57720.0,0.5502383222116302
2012,Maharashtra,Sesame,Kharif,38600.0,11390.0,0.2950777202072538
2012,Maharashtra,Sesame,Rabi,900.0,290.0,0.3222222222222222
2012,Maharashtra,Soybean,Kharif,3063900.0,4689800.0,1.5306635334051373
2012,Maharashtra,Sunflower,Kharif,34600.0,14250.0,0.4118497109826589
2012,Maharashtra,Sunflower,Rabi,41700.0,18840.0,0.4517985611510791
2012,Maharashtra,Tur,Kharif,1213600.0,1005800.0,0.8287738958470666
2012,Maharashtra,Urad,Kharif,360300.0,213600.0,0.5928393005828476
2012,Maharashtra,Wheat,Rabi,785000.0,1198700.0,1.5270063694267515
2012,Punjab,Bajra,Kharif,3000.0,3000.0,1.0
2012,Punjab,Barley,Rabi,13000.0,47000.0,3.615384615384616
2012,Punjab,Cotton,Kharif,481000.0,276700.6802721088,0.5752612895470038
2012,Punjab,Gram,Rabi,2400.0,3100.0,1.2916666666666667
2012,Punjab,Groundnut,Kharif,1600.0,2900.0,1.8125
2012,Punjab,Maize,Kharif,131000.0,483000.0,3.687022900763359
2012,Punjab,Masoor,Rabi,900.0,700.0,0.7777777777777778
2012,Punjab,Moong,Kharif,4800.0,4200.0,0.875
2012,Punjab,Paddy,Kharif,2849000.0,11390000.0,3.997893997893998
2012,Punjab,Rapeseed & Mustard,Rabi,32000.0,41700.0,1.303125
2012,Punjab,Sesame,Kharif,5400.0,1900.0,0.3518518518518518
2012,Punjab,Sunflower,Rabi,12600.0,23700.0,1.880952380952381
2012,Punjab,Tur,Kharif,2400.0,2900.0,1.2083333333333333
2012,Punjab,Urad,Kharif,2500.0,1200.0,0.48
2012,Punjab,Wheat,Rabi,3517000.0,16614000.0,4.723912425362525
2012,Uttar Pradesh,Bajra,Kharif,900540.0,1757776.0,1.9519132964665644
2012,Uttar Pradesh,Barley,Rabi,168378.0,445657.0,2.646765016807421
2012,Uttar Pradesh,Cotton,Kharif,5074.0,201.36054421768708,0.03968477418559067
2012,Uttar Pradesh,Gram,Rabi,604015.0,676557.0,1.1200996663990133
2012,Uttar Pradesh,Groundnut,Kharif,94399.0,93706.0,0.9926588205383532
2012,Uttar Pradesh,Jowar,Kharif,184153.0,248208.0,1.347835766998094
2012,Uttar Pradesh,Maize,Kharif,698089.0,1289406.0,1.847051020715124
2012,Uttar Pradesh,Maize,Rabi,7261.0,22734.0,3.130973695083322
2012,Uttar Pradesh,Masoor,Rabi,495051.0,440572.0,0.8899527523426879
2012,Uttar Pradesh,Moong,Kharif,39751.0,20148.0,0.5068551734547558
2012,Uttar Pradesh,Paddy,Kharif,5837298.0,14353736.0,2.458969201161222
2012,Uttar Pradesh,Rapeseed & Mustard,Rabi,662326.0,835700.0,1.2617653542213352
2012,Uttar Pradesh,Sesame,Kharif,344424.0,64262.0,0.1865781710914454
2012,Uttar Pradesh,Soybean,Kharif,13679.0,19342.0,1.4139922508955334
2012,Uttar Pradesh,Tur,Kharif,311455.0,324649.0,1.0423624600664625
2012,Uttar Pradesh,Urad,Kharif,524224.0,347341.0,0.6625812629715542
2012,Uttar Pradesh,Wheat,Rabi,9733617.0,31332434.0,3.218991871161564
2013,Gujarat,Bajra,Kharif,363525.0,498067.0,1.3701038443023177
2013,Gujarat,Cotton,Kharif,2608410.0,1787682.9931972788,0.6853535269368232
2013,Gujarat,Gram,Rabi,241650.0,298648.0,1.235870060004138
2013,Gujarat,Groundnut,Kharif,1748599.0,5278326.0,3.01860289294458
2013,Gujarat,Jowar,Kharif,149468.0,214763.0,1.4368493590601332
2013,Gujarat,Jowar,Rabi,37640.0,56234.0,1.4939957492029756
2013,Gujarat,Maize,Kharif,333135.0,421915.0,1.266498566647155
2013,Gujarat,Maize,Rabi,92747.0,196862.0,2.122570002264224
2013,Gujarat,Moong,Kharif,127421.0,67612.0,0.5306189717550482
2013,Gujarat,Paddy,Kharif,787300.0,1672585.0,2.124457004953639
2013,Gujarat,Ragi,Kharif,14326.0,14082.0,0.982968030154963
2013,Gujarat,Rapeseed & Mustard,Rabi,276999.0,488431.0,1.7632951743508098
2013,Gujarat,Sesame,Kharif,109072.0,57003.0,0.5226180871351034
2013,Gujarat,Soybean,Kharif,59954.0,47747.0,0.7963939019915268
2013,Gujarat,Tur,Kharif,209870.0,208963.0,0.9956782770286368
2013,Gujarat,Urad,Kharif,86413.0,52715.0,0.6100355270619005
2013,Gujarat,Wheat,Rabi,1442288.0,4607993.0,3.1949187679575783
2013,Haryana,Bajra,Kharif,403000.0,829000.0,2.0570719602977667
2013,Haryana,Barley,Rabi,39000.0,151000.0,3.871794871794872
2013,Haryana,Cotton,Kharif,567000.0,344727.89115646255,0.6079856986886465
2013,Haryana,Gram,Rabi,83000.0,72000.0,0.8674698795180723
2013,Haryana,Groundnut,Kharif,5600.0,6700.0,1.1964285714285714
2013,Haryana,Jowar,Kharif,62000.0,34000.0,0.5483870967741935
2013,Haryana,Maize,Kharif,8000.0,24000.0,3.0
2013,Haryana,Masoor,Rabi,2500.0,2400.0,0.96
2013,Haryana,Moong,Kharif,7100.0,3600.0,0.5070422535211268
2013,Haryana,Paddy,Kharif,1244000.0,4041000.0,3.2483922829581995
2013,Haryana,Rapeseed & Mustard,Rabi,535000.0,878000.0,1.6411214953271027
2013,Haryana,Sesame,Kharif,1300.0,600.0,0.4615384615384615
2013,Haryana,Sunflower,Kharif,3900.0,11100.0,2.8461538461538463
2013,Haryana,Tur,Kharif,9400.0,10500.0,1.1170212765957446
2013,Haryana,Urad,Kharif,1600.0,600.0,0.375
2013,Haryana,Wheat,Rabi,2499000.0,11800000.0,4.721888755502201
2013,Maharashtra,Bajra,Kharif,761600.0,787900.0,1.03453256302521
2013,Maharashtra,Cotton,Kharif,4159500.0,1502414.9659863946,0.3612008573113102
2013,Maharashtra,Gram,Rabi,1519500.0,1400640.0,0.92177690029615
2013,Maharashtra,Groundnut,Kharif,244100.0,295850.0,1.2120032773453502
2013,Maharashtra,Jowar,Kharif,803800.0,926400.0,1.1525255038566808
2013,Maharashtra,Jowar,Rabi,2780700.0,1921500.0,0.6910130542669112
2013,Maharashtra,Maize,Kharif,746700.0,2643900.0,3.540779429489755
2013,Maharashtra,Maize,Rabi,171600.0,443600.0,2.585081585081585
2013,Maharashtra,Moong,Kharif,430700.0,200572.0,0.4656884142094265
2013,Maharashtra,Paddy,Kharif,1567500.0,3016600.0,1.9244657097288675
2013,Maharashtra,Ragi,Kharif,124500.0,142300.0,1.1429718875502008
2013,Maharashtra,Safflower,Rabi,126300.0,82700.0,0.6547901821060966
2013,Maharashtra,Sesame,Kharif,37700.0,10070.0,0.2671087533156498
2013,Maharashtra,Sesame,Rabi,1500.0,220.0,0.1466666666666666
2013,Maharashtra,Soybean,Kharif,3519900.0,4272690.0,1.2138668712179324
2013,Maharashtra,Sunflower,Kharif,33600.0,20600.0,0.6130952380952381
2013,Maharashtra,Sunflower,Rabi,56000.0,33250.0,0.59375
2013,Maharashtra,Tur,Kharif,1141300.0,1034200.0,0.906159642512924
2013,Maharashtra,Urad,Kharif,334400.0,206440.0,0.6173444976076555
2013,Maharashtra,Wheat,Rabi,1028200.0,1480000.0,1.4394086753549893
2013,Punjab,Bajra,Kharif,800.0,800.0,1.0
2013,Punjab,Barley,Rabi,12000.0,46000.0,3.8333333333333335
2013,Punjab,Cotton,Kharif,446000.0,254251.7006802721,0.5700710777584576
2013,Punjab,Gram,Rabi,1900.0,2370.0,1.2473684210526317
2013,Punjab,Groundnut,Kharif,1300.0,2400.0,1.8461538461538465
2013,Punjab,Maize,Kharif,130000.0,507000.0,3.9
2013,Punjab,Masoor,Rabi,900.0,630.0,0.7
2013,Punjab,Moong,Kharif,4600.0,3800.0,0.8260869565217391
2013,Punjab,Paddy,Kharif,2851000.0,11267000.0,3.951946685373553
2013,Punjab,Rapeseed & Mustard,Rabi,32000.0,41800.0,1.30625
2013,Punjab,Sesame,Kharif,4100.0,1400.0,0.3414634146341463
2013,Punjab,Tur,Kharif,2900.0,2600.0,0.896551724137931
2013,Punjab,Urad,Kharif,2200.0,1050.0,0.4772727272727273
2013,Punjab,Wheat,Rabi,3512000.0,17620000.0,5.017084282460137
2013,Uttar Pradesh,Bajra,Kharif,918984.0,1868189.0,2.032885229775492
2013,Uttar Pradesh,Barley,Rabi,156344.0,450240.0,2.879803510208258
2013,Uttar Pradesh,Cotton,Kharif,3901.0,150.34013605442178,0.0385388710726536
2013,Uttar Pradesh,Gram,Rabi,577214.0,265632.0,0.4601967381248549
2013,Uttar Pradesh,Groundnut,Kharif,96464.0,86157.0,0.8931518493945928
2013,Uttar Pradesh,Jowar,Kharif,165145.0,173623.0,1.0513367041085109
2013,Uttar Pradesh,Maize,Kharif,695526.0,1277851.0,1.8372440426382333
2013,Uttar Pradesh,Maize,Rabi,13418.0,47674.0,3.552988522879714
2013,Uttar Pradesh,Masoor,Rabi,449264.0,310261.0,0.6905984009402044
2013,Uttar Pradesh,Moong,Kharif,38504.0,12350.0,0.3207458965302306
2013,Uttar Pradesh,Paddy,Kharif,5955306.0,14565665.0,2.4458298196599806
2013,Uttar Pradesh,Rapeseed & Mustard,Rabi,662625.0,671716.0,1.0137196755329183
2013,Uttar Pradesh,Sesame,Kharif,293360.0,43190.0,0.1472252522497954
2013,Uttar Pradesh,Soybean,Kharif,25502.0,14688.0,0.5759548270723864
2013,Uttar Pradesh,Tur,Kharif,300644.0,271380.0,0.9026622849616156
2013,Uttar Pradesh,Urad,Kharif,496901.0,221673.0,0.4461109959529162
2013,Uttar Pradesh,Wheat,Rabi,9839197.0,31492656.0,3.200734368871769
2014,Gujarat,Bajra,Kharif,178840.2,291759.0,1.6313949548255928
2014,Gujarat,Cotton,Kharif,2883793.0,1570353.231292517,0.5445443661498994
2014,Gujarat,Gram,Rabi,163984.0,167820.0,1.0233925261001071
2014,Gujarat,Groundnut,Kharif,1332076.0,2555986.0,1.9187989273885275
2014,Gujarat,Jowar,Kharif,35946.0,43845.0,1.2197462860958104
2014,Gujarat,Jowar,Rabi,33685.0,47998.0,1.4249072287368263
2014,Gujarat,Maize,Kharif,308788.0,387805.0,1.2558940114253143
2014,Gujarat,Maize,Rabi,79664.0,169660.0,2.1296947178148224
2014,Gujarat,Moong,Kharif,82314.0,40681.0,0.4942172655927302
2014,Gujarat,Paddy,Kharif,763205.0,1671308.0,2.189854626214451
2014,Gujarat,Ragi,Kharif,20078.0,17141.0,0.8537204900886542
2014,Gujarat,Rapeseed & Mustard,Rabi,185008.0,336641.0,1.819602395572084
2014,Gujarat,Sesame,Kharif,137247.0,79371.0,0.578307722573171
2014,Gujarat,Soybean,Kharif,58047.0,45095.0,0.7768704670353335
2014,Gujarat,Tur,Kharif,219823.0,239302.0,1.0886122016349518
2014,Gujarat,Urad,Kharif,67835.0,47654.0,0.7024987101054028
2014,Gujarat,Wheat,Rabi,1171449.0,3293487.0,2.8114642634890634
2014,Haryana,Bajra,Kharif,393000.0,683000.0,1.737913486005089
2014,Haryana,Barley,Rabi,35000.0,110000.0,3.142857142857143
2014,Haryana,Cotton,Kharif,647000.0,329761.90476190473,0.509678369029219
2014,Haryana,Gram,Rabi,64000.0,41000.0,0.640625
2014,Haryana,Groundnut,Kharif,3700.0,4300.0,1.162162162162162
2014,Haryana,Jowar,Kharif,53000.0,27000.0,0.5094339622641509
2014,Haryana,Maize,Kharif,9000.0,18000.0,2.0
2014,Haryana,Masoor,Rabi,2000.0,1600.0,0.8
2014,Haryana,Moong,Kharif,6700.0,3300.0,0.4925373134328358
2014,Haryana,Paddy,Kharif,1277000.0,3989000.0,3.1237274862960063
2014,Haryana,Rapeseed & Mustard,Rabi,480000.0,689000.0,1.4354166666666666
2014,Haryana,Sesame,Kharif,1700.0,800.0,0.4705882352941176
2014,Haryana,Sunflower,Kharif,7100.0,31900.0,4.492957746478873
2014,Haryana,Tur,Kharif,6000.0,6100.0,1.0166666666666666
2014,Haryana,Urad,Kharif,1300.0,500.0,0.3846153846153846
2014,Haryana,Wheat,Rabi,2628000.0,10457000.0,3.9790715372907153
2014,Maharashtra,Bajra,Kharif,864800.0,537900.0,0.6219935245143385
2014,Maharashtra,Cotton,Kharif,4189900.0,608350.3401360544,0.1451944772276318
2014,Maharashtra,Gram,Rabi,1427500.0,1087700.0,0.7619614711033275
2014,Maharashtra,Groundnut,Kharif,243800.0,252900.0,1.0373256767842494
2014,Maharashtra,Jowar,Kharif,680100.0,584400.0,0.8592853992059991
2014,Maharashtra,Jowar,Rabi,2608100.0,1524400.0,0.5844867911506461
2014,Maharashtra,Maize,Kharif,800500.0,1496100.0,1.8689569019362893
2014,Maharashtra,Maize,Rabi,239800.0,651400.0,2.7164303586321936
2014,Maharashtra,Moong,Kharif,315200.0,83700.0,0.2655456852791878
2014,Maharashtra,Paddy,Kharif,1508400.0,2835400.0,1.8797401219835588
2014,Maharashtra,Ragi,Kharif,111600.0,119000.0,1.0663082437275986
2014,Maharashtra,Safflower,Rabi,74200.0,26300.0,0.3544474393530997
2014,Maharashtra,Sesame,Kharif,19900.0,4000.0,0.2010050251256281
2014,Maharashtra,Sesame,Rabi,700.0,100.0,0.1428571428571428
2014,Maharashtra,Soybean,Kharif,3640200.0,1821600.0,0.5004120652711389
2014,Maharashtra,Sunflower,Kharif,32300.0,10000.0,0.3095975232198142
2014,Maharashtra,Sunflower,Rabi,47900.0,20700.0,0.4321503131524008
2014,Maharashtra,Tur,Kharif,1210200.0,353300.0,0.2919352173194513
2014,Maharashtra,Urad,Kharif,276500.0,92300.0,0.3338155515370705
2014,Maharashtra,Wheat,Rabi,1067300.0,1307700.0,1.2252412630000935
2014,Punjab,Barley,Rabi,11000.0,39400.0,3.581818181818182
2014,Punjab,Cotton,Kharif,420000.0,228231.2925170068,0.5434078393262067
2014,Punjab,Gram,Rabi,1800.0,1950.0,1.0833333333333333
2014,Punjab,Groundnut,Kharif,1400.0,2600.0,1.8571428571428568
2014,Punjab,Maize,Kharif,126000.0,460000.0,3.65079365079365
2014,Punjab,Masoor,Rabi,800.0,470.0,0.5875
2014,Punjab,Moong,Kharif,3700.0,3100.0,0.8378378378378378
2014,Punjab,Paddy,Kharif,2894000.0,11107000.0,3.837940566689703
2014,Punjab,Rapeseed & Mustard,Rabi,31000.0,38700.0,1.2483870967741937
2014,Punjab,Sesame,Kharif,4700.0,1400.0,0.2978723404255319
2014,Punjab,Tur,Kharif,2600.0,2390.0,0.9192307692307692
2014,Punjab,Urad,Kharif,2200.0,1210.0,0.55
2014,Punjab,Wheat,Rabi,3505000.0,15050000.0,4.293865905848787
2014,Uttar Pradesh,Bajra,Kharif,951724.0,1808081.0,1.8997955289558737
2014,Uttar Pradesh,Barley,Rabi,170247.0,287779.0,1.69036165101294
2014,Uttar Pradesh,Cotton,Kharif,6317.0,320.7482993197279,0.050775415437664694
2014,Uttar Pradesh,Gram,Rabi,558142.0,177054.0,0.3172203489434588
2014,Uttar Pradesh,Groundnut,Kharif,97939.0,84595.0,0.8637519272200043
2014,Uttar Pradesh,Jowar,Kharif,164407.0,162865.0,0.99062083731228
2014,Uttar Pradesh,Maize,Kharif,642726.0,1142861.0,1.77814651966779
2014,Uttar Pradesh,Maize,Rabi,10653.0,25493.0,2.393034825870646
2014,Uttar Pradesh,Masoor,Rabi,438067.0,235142.0,0.5367717723544572
2014,Uttar Pradesh,Moong,Kharif,37182.0,11887.0,0.3196977031897154
2014,Uttar Pradesh,Paddy,Kharif,5842029.0,13241518.0,2.2665957324073536
2014,Uttar Pradesh,Rapeseed & Mustard,Rabi,626031.0,486228.0,0.776683582761876
2014,Uttar Pradesh,Sesame,Kharif,322820.0,63599.0,0.1970107180472089
2014,Uttar Pradesh,Soybean,Kharif,52551.0,37679.0,0.7169987250480485
2014,Uttar Pradesh,Tur,Kharif,286511.0,173971.0,0.6072053079986458
2014,Uttar Pradesh,Urad,Kharif,519466.0,278369.0,0.5358753027147108
2014,Uttar Pradesh,Wheat,Rabi,9846466.0,20054791.0,2.036750139593231
2015,Gujarat,Bajra,Kharif,147139.0,238821.0,1.62309788703199
2015,Gujarat,Cotton,Kharif,2721598.0,1282726.3605442178,0.47131367694428705
2015,Gujarat,Gram,Rabi,114092.0,101143.0,0.8865038740665427
2015,Gujarat,Groundnut,Kharif,1355815.0,1935562.0,1.427600373207259
2015,Gujarat,Jowar,Kharif,74697.0,102483.0,1.3719828105546408
2015,Gujarat,Jowar,Rabi,24373.0,29016.0,1.1904976818610755
2015,Gujarat,Maize,Kharif,297588.0,393828.0,1.3234001371023023
2015,Gujarat,Maize,Rabi,88311.0,201807.0,2.2851853110031595
2015,Gujarat,Moong,Kharif,104232.0,52680.0,0.5054110062169007
2015,Gujarat,Paddy,Kharif,741042.0,1584355.0,2.138009721446288
2015,Gujarat,Ragi,Kharif,19235.0,15013.0,0.7805042890564076
2015,Gujarat,Rapeseed & Mustard,Rabi,190152.0,276213.0,1.452590559131642
2015,Gujarat,Sesame,Kharif,152565.0,55293.0,0.3624225739848589
2015,Gujarat,Soybean,Kharif,80354.0,61832.0,0.7694949846927347
2015,Gujarat,Tur,Kharif,229431.0,281835.0,1.228408541130013
2015,Gujarat,Urad,Kharif,65221.0,38989.0,0.5977982551632143
2015,Gujarat,Wheat,Rabi,857696.0,2315849.0,2.7000813808155804
2015,Haryana,Bajra,Kharif,370000.0,653000.0,1.7648648648648648
2015,Haryana,Barley,Rabi,29000.0,99000.0,3.413793103448276
2015,Haryana,Cotton,Kharif,615000.0,169217.68707482994,0.2751507106907804
2015,Haryana,Gram,Rabi,42000.0,26000.0,0.6190476190476191
2015,Haryana,Groundnut,Kharif,4300.0,5300.0,1.2325581395348837
2015,Haryana,Jowar,Kharif,55000.0,30000.0,0.5454545454545454
2015,Haryana,Maize,Kharif,5800.0,17900.0,3.086206896551724
2015,Haryana,Masoor,Rabi,1800.0,1300.0,0.7222222222222222
2015,Haryana,Moong,Kharif,9800.0,5420.0,0.5530612244897959
2015,Haryana,Paddy,Kharif,1353000.0,4142000.0,3.0613451589061347
2015,Haryana,Rapeseed & Mustard,Rabi,509000.0,820000.0,1.6110019646365423
2015,Haryana,Sesame,Kharif,3400.0,1620.0,0.4764705882352941
2015,Haryana,Sunflower,Kharif,8400.0,21500.0,2.5595238095238093
2015,Haryana,Tur,Kharif,4400.0,5000.0,1.1363636363636365
2015,Haryana,Urad,Kharif,1600.0,560.0,0.35
2015,Haryana,Wheat,Rabi,2576000.0,11350000.0,4.406055900621118
2015,Maharashtra,Bajra,Kharif,800600.0,332900.0,0.4158131401448913
2015,Maharashtra,Cotton,Kharif,4207200.0,665634.3537414966,0.1582131474000515
2015,Maharashtra,Gram,Rabi,1442020.0,776680.0,0.5386055671904689
2015,Maharashtra,Groundnut,Kharif,224500.0,216610.0,0.9648552338530066
2015,Maharashtra,Jowar,Kharif,620800.0,368100.0,0.5929445876288659
2015,Maharashtra,Jowar,Rabi,2596800.0,837100.0,0.3223582871226124
2015,Maharashtra,Maize,Kharif,789100.0,1159800.0,1.469775693828412
2015,Maharashtra,Maize,Rabi,248690.0,460920.0,1.853391772889944
2015,Maharashtra,Moong,Kharif,365868.0,69032.0,0.1886800704079066
2015,Maharashtra,Paddy,Kharif,1471400.0,2517100.0,1.710683702596167
2015,Maharashtra,Ragi,Kharif,91700.0,92900.0,1.0130861504907307
2015,Maharashtra,Safflower,Rabi,56815.0,12753.5,0.224474170553551
2015,Maharashtra,Sesame,Kharif,28141.0,3511.3,0.1247752389751608
2015,Maharashtra,Sesame,Rabi,1627.0,907.0,0.5574677320221266
2015,Maharashtra,Soybean,Kharif,3702000.0,1794590.0,0.4847622906537007
2015,Maharashtra,Sunflower,Kharif,18532.0,2440.0,0.131664148499892
2015,Maharashtra,Sunflower,Rabi,28631.0,7250.3,0.2532325102161992
2015,Maharashtra,Tur,Kharif,1236900.0,444200.0,0.3591236154903388
2015,Maharashtra,Urad,Kharif,285900.0,61420.0,0.2148303602658272
2015,Maharashtra,Wheat,Rabi,910854.0,981351.0,1.0773965970397013
2015,Punjab,Barley,Rabi,9000.0,33300.0,3.7
2015,Punjab,Cotton,Kharif,339000.0,66836.73469387754,0.19715850942146768
2015,Punjab,Gram,Rabi,1700.0,2180.0,1.2823529411764707
2015,Punjab,Groundnut,Kharif,1000.0,1900.0,1.9
2015,Punjab,Maize,Kharif,115000.0,424000.0,3.6869565217391305
2015,Punjab,Masoor,Rabi,600.0,420.0,0.7
2015,Punjab,Moong,Kharif,6400.0,4290.0,0.6703125
2015,Punjab,Paddy,Kharif,2975000.0,11823000.0,3.974117647058824
2015,Punjab,Rapeseed & Mustard,Rabi,31000.0,41800.0,1.3483870967741935
2015,Punjab,Sesame,Kharif,4700.0,1550.0,0.3297872340425531
2015,Punjab,Tur,Kharif,2600.0,2630.0,1.0115384615384615
2015,Punjab,Urad,Kharif,2000.0,1080.0,0.54
2015,Punjab,Wheat,Rabi,3508000.0,16077000.0,4.5829532497149374
2015,Uttar Pradesh,Bajra,Kharif,974881.0,1775698.0,1.8214510283819256
2015,Uttar Pradesh,Barley,Rabi,124744.0,270200.0,2.1660360418136344
2015,Uttar Pradesh,Cotton,Kharif,7688.0,452.0408163265306,0.05879823313300345
2015,Uttar Pradesh,Gram,Rabi,267629.0,163409.0,0.61058031827642
2015,Uttar Pradesh,Groundnut,Kharif,96912.0,65405.0,0.6748906224203401
2015,Uttar Pradesh,Jowar,Kharif,154827.0,104769.0,0.6766842992501307
2015,Uttar Pradesh,Maize,Kharif,605036.0,1118656.0,1.8489081641422989
2015,Uttar Pradesh,Maize,Rabi,10620.0,23341.0,2.197834274952919
2015,Uttar Pradesh,Masoor,Rabi,334700.0,237749.0,0.7103346280250971
2015,Uttar Pradesh,Moong,Kharif,45628.0,9894.0,0.2168405365126676
2015,Uttar Pradesh,Paddy,Kharif,5837445.0,12434053.0,2.13005056150422
2015,Uttar Pradesh,Rapeseed & Mustard,Rabi,593351.0,602616.0,1.0156147036071397
2015,Uttar Pradesh,Sesame,Kharif,545983.0,165537.0,0.3031907586866257
2015,Uttar Pradesh,Soybean,Kharif,35542.0,6221.0,0.1750323560857577
2015,Uttar Pradesh,Tur,Kharif,264746.0,182359.0,0.6888073851918443
2015,Uttar Pradesh,Urad,Kharif,570013.0,165862.0,0.2909793285416298
2015,Uttar Pradesh,Wheat,Rabi,9644838.0,26874361.0,2.7863983822226976
2016,Gujarat,Bajra,Kharif,179295.0,282188.0,1.5738754566496556
2016,Gujarat,Cotton,Kharif,2390944.0,876794.0476190476,0.36671458955920655
2016,Gujarat,Gram,Rabi,164412.0,184887.0,1.1245347054959491
2016,Gujarat,Groundnut,Kharif,1694732.0,2761198.0,1.6292829780755895
2016,Gujarat,Jowar,Kharif,73286.0,117562.0,1.6041535900444832
2016,Gujarat,Jowar,Rabi,30139.0,45632.0,1.5140515611002356
2016,Gujarat,Maize,Kharif,321379.0,539081.0,1.677399581179853
2016,Gujarat,Maize,Rabi,117169.0,277521.0,2.3685531155851804
2016,Gujarat,Moong,Kharif,153577.0,69704.0,0.4538700456448556
2016,Gujarat,Paddy,Kharif,792207.0,1808275.0,2.282578921923184
2016,Gujarat,Ragi,Kharif,19205.0,23966.0,1.2479041916167664
2016,Gujarat,Rapeseed & Mustard,Rabi,200062.0,354388.0,1.7713908688306623
2016,Gujarat,Sesame,Kharif,128910.0,68799.0,0.5336979287875262
2016,Gujarat,Soybean,Kharif,120222.0,105981.0,0.8815441433348306
2016,Gujarat,Tur,Kharif,348245.0,394108.0,1.1316975118092147
2016,Gujarat,Urad,Kharif,193539.0,117650.0,0.6078878158924041
2016,Gujarat,Wheat,Rabi,999370.0,2757755.0,2.7594934808929628
2016,Haryana,Bajra,Kharif,464300.0,934000.0,2.0116304113719576
2016,Haryana,Barley,Rabi,20800.0,75500.0,3.629807692307693
2016,Haryana,Cotton,Kharif,571100.0,348010.20408163266,0.6093682438830899
2016,Haryana,Gram,Rabi,36900.0,43200.0,1.170731707317073
2016,Haryana,Groundnut,Kharif,4700.0,5700.0,1.2127659574468086
2016,Haryana,Jowar,Kharif,52800.0,28200.0,0.5340909090909091
2016,Haryana,Maize,Kharif,6300.0,19500.0,3.095238095238096
2016,Haryana,Masoor,Rabi,1600.0,1200.0,0.75
2016,Haryana,Moong,Kharif,15800.0,5200.0,0.3291139240506329
2016,Haryana,Paddy,Kharif,1384700.0,4451000.0,3.2144146746587707
2016,Haryana,Rapeseed & Mustard,Rabi,504000.0,933100.0,1.851388888888889
2016,Haryana,Sesame,Kharif,1600.0,1320.0,0.825
2016,Haryana,Sunflower,Kharif,8600.0,12100.0,1.4069767441860466
2016,Haryana,Tur,Kharif,5600.0,4160.0,0.7428571428571429
2016,Haryana,Urad,Kharif,1320.0,600.0,0.4545454545454545
2016,Haryana,Wheat,Rabi,2542100.0,12310000.0,4.842453089964989
2016,Maharashtra,Bajra,Kharif,837081.0,799743.0,0.955394997616718
2016,Maharashtra,Cotton,Kharif,4212480.0,1829079.2517006802,0.4342048512279418
2016,Maharashtra,Gram,Rabi,1929130.0,1940925.0,1.006114155085453
2016,Maharashtra,Groundnut,Kharif,235080.0,286827.0,1.2201250638080654
2016,Maharashtra,Jowar,Kharif,603420.0,575376.0,0.9535249080242616
2016,Maharashtra,Jowar,Rabi,3012030.0,1963350.0,0.651836137090268
2016,Maharashtra,Maize,Kharif,658330.0,2136362.0,3.2451232664469187
2016,Maharashtra,Maize,Rabi,344895.0,1084699.0,3.1450122501051045
2016,Maharashtra,Moong,Kharif,444267.0,260048.0,0.5853416976727959
2016,Maharashtra,Paddy,Kharif,1465730.0,3419021.0,2.3326403907950306
2016,Maharashtra,Ragi,Kharif,92825.0,111073.0,1.1965849717209804
2016,Maharashtra,Rapeseed & Mustard,Rabi,9233.0,3317.0,0.3592548467453699
2016,Maharashtra,Safflower,Rabi,75670.0,52430.0,0.692876965772433
2016,Maharashtra,Sesame,Kharif,29178.0,6786.0,0.2325724861196792
2016,Maharashtra,Sesame,Rabi,2332.0,55588.4,23.83722126929674
2016,Maharashtra,Soybean,Kharif,3840840.0,4586715.0,1.1941958009185492
2016,Maharashtra,Sunflower,Kharif,21076.0,5877.0,0.2788479787435946
2016,Maharashtra,Sunflower,Rabi,37238.0,28440.0,0.7637359686341909
2016,Maharashtra,Tur,Kharif,1435643.0,2089252.0,1.4552726548313195
2016,Maharashtra,Urad,Kharif,337944.0,183121.0,0.541867883436309
2016,Maharashtra,Wheat,Rabi,1272006.0,2214012.0,1.7405672614751817
2016,Punjab,Bajra,Kharif,1200.0,700.0,0.5833333333333334
2016,Punjab,Barley,Rabi,8300.0,31500.0,3.7951807228915664
2016,Punjab,Cotton,Kharif,285000.0,215476.19047619047,0.7560568086883876
2016,Punjab,Gram,Rabi,1600.0,2200.0,1.375
2016,Punjab,Groundnut,Kharif,1200.0,2300.0,1.9166666666666667
2016,Punjab,Maize,Kharif,116000.0,445000.0,3.836206896551724
2016,Punjab,Masoor,Rabi,700.0,400.0,0.5714285714285714
2016,Punjab,Moong,Kharif,4800.0,4000.0,0.8333333333333334
2016,Punjab,Paddy,Kharif,3046000.0,12638000.0,4.1490479317137225
2016,Punjab,Rapeseed & Mustard,Rabi,31700.0,44800.0,1.413249211356467
2016,Punjab,Sesame,Kharif,3000.0,1100.0,0.3666666666666666
2016,Punjab,Sunflower,Rabi,5800.0,9600.0,1.6551724137931034
2016,Punjab,Tur,Kharif,5700.0,4900.0,0.8596491228070176
2016,Punjab,Urad,Kharif,2100.0,1100.0,0.5238095238095238
2016,Punjab,Wheat,Rabi,3495000.0,17636000.0,5.046065808297568
2016,Uttar Pradesh,Bajra,Kharif,907173.0,1736339.0,1.9140108887720424
2016,Uttar Pradesh,Barley,Rabi,169985.0,460140.0,2.7069447304173897
2016,Uttar Pradesh,Cotton,Kharif,5635.0,343.19727891156464,0.06090457478466097
2016,Uttar Pradesh,Gram,Rabi,561686.0,626294.0,1.115025120797029
2016,Uttar Pradesh,Groundnut,Kharif,94013.0,85006.0,0.9041941008158446
2016,Uttar Pradesh,Jowar,Kharif,182923.0,183020.0,1.000530277767148
2016,Uttar Pradesh,Maize,Kharif,727231.0,1364579.0,1.876403783667088
2016,Uttar Pradesh,Maize,Rabi,12320.0,34521.0,2.802029220779221
2016,Uttar Pradesh,Masoor,Rabi,488964.0,471524.0,0.9643327525134776
2016,Uttar Pradesh,Moong,Kharif,44299.0,18358.0,0.4144111605228109
2016,Uttar Pradesh,Paddy,Kharif,5965657.0,14396168.0,2.413173938763157
2016,Uttar Pradesh,Rapeseed & Mustard,Rabi,689174.0,857813.0,1.2446972752889691
2016,Uttar Pradesh,Sesame,Kharif,271079.0,58123.0,0.2144135104526724
2016,Uttar Pradesh,Soybean,Kharif,10520.0,7081.0,0.6730988593155893
2016,Uttar Pradesh,Tur,Kharif,337711.0,362858.0,1.07446307641741
2016,Uttar Pradesh,Urad,Kharif,594436.0,321228.0,0.5403912279875378
2016,Uttar Pradesh,Wheat,Rabi,9884913.0,34971381.0,3.5378542026621784
2017,Gujarat,Bajra,Kharif,153027.0,252317.0,1.6488397472341485
2017,Gujarat,Cotton,Kharif,2626487.0,1719853.231292517,0.6548112483680737
2017,Gujarat,Gram,Rabi,292753.0,376248.0,1.2852063001916292
2017,Gujarat,Groundnut,Kharif,1627275.0,3970876.0,2.440199720391452
2017,Gujarat,Jowar,Kharif,66986.0,93338.0,1.3933956349087868
2017,Gujarat,Jowar,Rabi,24212.0,31982.0,1.3209152486370397
2017,Gujarat,Maize,Kharif,302790.0,469550.0,1.5507447405792794
2017,Gujarat,Maize,Rabi,92558.0,235342.0,2.5426435316234146
2017,Gujarat,Moong,Kharif,125347.0,71444.0,0.5699697639353155
2017,Gujarat,Paddy,Kharif,802674.0,1749613.0,2.1797305008010723
2017,Gujarat,Ragi,Kharif,11880.0,10646.0,0.8961279461279461
2017,Gujarat,Rapeseed & Mustard,Rabi,221289.0,400072.0,1.807916344689524
2017,Gujarat,Sesame,Kharif,107763.0,65229.0,0.6053005205868434
2017,Gujarat,Soybean,Kharif,146015.0,137352.0,0.9406704790603704
2017,Gujarat,Tur,Kharif,271192.0,337065.0,1.2429017080149858
2017,Gujarat,Urad,Kharif,128059.0,81324.0,0.6350510311653222
2017,Gujarat,Wheat,Rabi,1058778.0,3101037.0,2.9288831086403384
2017,Haryana,Bajra,Kharif,449400.0,720300.0,1.602803738317757
2017,Haryana,Barley,Rabi,20200.0,73500.0,3.6386138613861374
2017,Haryana,Cotton,Kharif,668500.0,275935.3741496599,0.4127679493637395
2017,Haryana,Gram,Rabi,32100.0,36100.0,1.1246105919003115
2017,Haryana,Groundnut,Kharif,3100.0,3600.0,1.1612903225806452
2017,Haryana,Jowar,Kharif,47600.0,24700.0,0.5189075630252101
2017,Haryana,Maize,Kharif,6600.0,20600.0,3.121212121212121
2017,Haryana,Masoor,Rabi,1530.0,1290.0,0.8431372549019608
2017,Haryana,Moong,Kharif,13720.0,6330.0,0.4613702623906705
2017,Haryana,Paddy,Kharif,1422100.0,4880000.0,3.431544898389705
2017,Haryana,Rapeseed & Mustard,Rabi,547700.0,1105400.0,2.018258170531313
2017,Haryana,Sesame,Kharif,1500.0,700.0,0.4666666666666667
2017,Haryana,Sunflower,Kharif,4900.0,9500.0,1.9387755102040816
2017,Haryana,Tur,Kharif,4410.0,5040.0,1.1428571428571428
2017,Haryana,Urad,Kharif,1500.0,530.0,0.3533333333333333
2017,Haryana,Wheat,Rabi,2530500.0,12265100.0,4.8469077257459
2017,Maharashtra,Bajra,Kharif,787833.0,669176.0,0.8493881317487335
2017,Maharashtra,Cotton,Kharif,4350818.0,1036311.5646258503,0.23818775334335984
2017,Maharashtra,Gram,Rabi,2234051.0,2048892.0,0.917119618128682
2017,Maharashtra,Groundnut,Kharif,239847.0,276066.0,1.1510087680896572
2017,Maharashtra,Jowar,Kharif,565298.0,547246.0,0.9680664003764388
2017,Maharashtra,Jowar,Rabi,2898855.0,1842436.0,0.6355737006507742
2017,Maharashtra,Maize,Kharif,694785.0,2165565.0,3.1168850795569853
2017,Maharashtra,Maize,Rabi,333739.0,904932.0,2.711496109235061
2017,Maharashtra,Moong,Kharif,432072.0,158517.0,0.3668763539410098
2017,Maharashtra,Paddy,Kharif,1424765.0,2668600.0,1.873010636841865
2017,Maharashtra,Ragi,Kharif,92817.0,106410.0,1.1464494650764407
2017,Maharashtra,Rapeseed & Mustard,Rabi,6675.0,2289.0,0.3429213483146067
2017,Maharashtra,Safflower,Rabi,38902.0,21556.0,0.5541103285178139
2017,Maharashtra,Sesame,Kharif,26822.0,5090.0,0.1897695921258668
2017,Maharashtra,Sesame,Rabi,3633.0,1414.0,0.3892100192678227
2017,Maharashtra,Soybean,Kharif,3693729.0,3805544.0,1.030271576501687
2017,Maharashtra,Sunflower,Kharif,16497.0,7977.0,0.4835424622658665
2017,Maharashtra,Sunflower,Rabi,24016.0,12297.0,0.5120336442371752
2017,Maharashtra,Tur,Kharif,1375105.0,1250678.0,0.9095145461619296
2017,Maharashtra,Urad,Kharif,350577.0,121178.0,0.3456530234442077
2017,Maharashtra,Wheat,Rabi,1137731.5,1884842.0,1.6566667970430633
2017,Punjab,Bajra,Kharif,1000.0,600.0,0.6
2017,Punjab,Barley,Rabi,7700.0,29900.0,3.883116883116883
2017,Punjab,Cotton,Kharif,291000.0,218197.27891156462,0.7498188278747926
2017,Punjab,Gram,Rabi,1700.0,2000.0,1.1764705882352942
2017,Punjab,Groundnut,Kharif,1200.0,2300.0,1.9166666666666667
2017,Punjab,Maize,Kharif,114000.0,423000.0,3.710526315789474
2017,Punjab,Masoor,Rabi,800.0,500.0,0.625
2017,Punjab,Moong,Kharif,3500.0,3000.0,0.8571428571428571
2017,Punjab,Moong,Rabi,18000.0,15500.0,0.8611111111111112
2017,Punjab,Paddy,Kharif,3065000.0,13382000.0,4.366068515497553
2017,Punjab,Rapeseed & Mustard,Rabi,30500.0,45700.0,1.498360655737705
2017,Punjab,Sesame,Kharif,2700.0,900.0,0.3333333333333333
2017,Punjab,Sunflower,Rabi,6100.0,11600.0,1.901639344262295
2017,Punjab,Tur,Kharif,2600.0,2700.0,1.0384615384615383
2017,Punjab,Urad,Kharif,1600.0,900.0,0.5625
2017,Punjab,Wheat,Rabi,3512000.0,17830000.0,5.076879271070615
2017,Uttar Pradesh,Bajra,Kharif,925397.0,1795148.0,1.9398679701792847
2017,Uttar Pradesh,Barley,Rabi,143911.0,403155.0,2.801418932534692
2017,Uttar Pradesh,Cotton,Kharif,4150.0,260.88435374149657,0.06286369969674617
2017,Uttar Pradesh,Gram,Rabi,500762.0,578550.0,1.155339262963244
2017,Uttar Pradesh,Groundnut,Kharif,87922.0,89075.0,1.01311389640818
2017,Uttar Pradesh,Jowar,Kharif,169145.0,214815.0,1.270005025274173
2017,Uttar Pradesh,Maize,Kharif,664457.0,1456460.0,2.1919552356284906
2017,Uttar Pradesh,Maize,Rabi,13788.0,41388.0,3.001740644038294
2017,Uttar Pradesh,Masoor,Rabi,484391.0,498327.0,1.0287701464312922
2017,Uttar Pradesh,Moong,Kharif,45050.0,17766.0,0.394361820199778
2017,Uttar Pradesh,Paddy,Kharif,5897871.0,15441958.0,2.61822579707152
2017,Uttar Pradesh,Rapeseed & Mustard,Rabi,678853.0,944759.0,1.3916989392401595
2017,Uttar Pradesh,Sesame,Kharif,278080.0,82116.0,0.2952963176064442
2017,Uttar Pradesh,Soybean,Kharif,14268.0,11093.0,0.7774740678441268
2017,Uttar Pradesh,Tur,Kharif,282271.0,331672.0,1.1750126651338608
2017,Uttar Pradesh,Urad,Kharif,565472.0,283320.0,0.5010327655480731
2017,Uttar Pradesh,Wheat,Rabi,9752941.0,35645666.0,3.654863286879312
2018,Gujarat,Bajra,Kharif,163540.0,228467.0,1.397009905833435
2018,Gujarat,Cotton,Kharif,2660056.0,1071895.4081632653,0.4029597151951933
2018,Gujarat,Gram,Rabi,172954.0,234888.0,1.3580952160690123
2018,Gujarat,Groundnut,Kharif,1566372.0,2143341.0,1.3683473657598575
2018,Gujarat,Jowar,Kharif,39119.0,52271.0,1.336204913213528
2018,Gujarat,Jowar,Rabi,36381.0,44570.0,1.2250900195156813
2018,Gujarat,Maize,Kharif,310536.0,549680.0,1.770100729062009
2018,Gujarat,Maize,Rabi,95598.0,245862.0,2.5718320466955378
2018,Gujarat,Moong,Kharif,63056.0,21073.0,0.3341950012687135
2018,Gujarat,Paddy,Kharif,809367.0,1819260.0,2.2477565801422594
2018,Gujarat,Ragi,Kharif,11994.0,9646.0,0.8042354510588627
2018,Gujarat,Rapeseed & Mustard,Rabi,195356.0,348435.0,1.7835899588443662
2018,Gujarat,Sesame,Kharif,80106.0,37025.0,0.462200084887524
2018,Gujarat,Soybean,Kharif,135651.0,323997.0,2.388460092443108
2018,Gujarat,Tur,Kharif,254347.0,307473.0,1.208872131379572
2018,Gujarat,Urad,Kharif,106156.0,61583.0,0.5801179396360074
2018,Gujarat,Wheat,Rabi,797156.0,2407132.0,3.019649855235362
2018,Haryana,Bajra,Kharif,424700.0,878300.0,2.0680480339062868
2018,Haryana,Barley,Rabi,14900.0,57600.0,3.865771812080537
2018,Haryana,Cotton,Kharif,708900.0,342959.18367346935,0.4837906385575813
2018,Haryana,Gram,Rabi,44900.0,62200.0,1.3853006681514477
2018,Haryana,Groundnut,Kharif,3490.0,3993.0,1.1441260744985673
2018,Haryana,Jowar,Kharif,40300.0,21300.0,0.5285359801488834
2018,Haryana,Maize,Kharif,5900.0,15600.0,2.6440677966101696
2018,Haryana,Masoor,Rabi,1260.0,632.0,0.5015873015873016
2018,Haryana,Moong,Kharif,30947.0,20902.0,0.6754128025333634
2018,Haryana,Paddy,Kharif,1447000.0,4516000.0,3.1209398756047
2018,Haryana,Rapeseed & Mustard,Rabi,606500.0,1251400.0,2.063314097279473
2018,Haryana,Sesame,Kharif,1551.0,750.0,0.4835589941972921
2018,Haryana,Sunflower,Kharif,9440.0,17960.0,1.902542372881356
2018,Haryana,Tur,Kharif,2108.0,2472.0,1.1726755218216318
2018,Haryana,Urad,Kharif,1276.0,734.0,0.5752351097178683
2018,Haryana,Wheat,Rabi,2553100.0,12573000.0,4.924601464885825
2018,Maharashtra,Bajra,Kharif,609587.4,332231.0,0.5450096245427645
2018,Maharashtra,Cotton,Kharif,4218738.0,1121278.4013605441,0.2657852659635522
2018,Maharashtra,Gram,Rabi,1694220.0,1396800.0,0.8244501894677196
2018,Maharashtra,Groundnut,Kharif,217336.0,203522.2,0.9364403504251482
2018,Maharashtra,Jowar,Kharif,530306.0,429671.0,0.8102322055567918
2018,Maharashtra,Jowar,Rabi,1908957.0,767530.0,0.4020677259885896
2018,Maharashtra,Maize,Kharif,707963.0,1364959.0,1.9280089496202488
2018,Maharashtra,Maize,Rabi,201409.0,379865.0,1.88603786325338
2018,Maharashtra,Moong,Kharif,481049.0,203771.0,0.423597180328823
2018,Maharashtra,Paddy,Kharif,1417445.0,3143748.0,2.2178976962069075
2018,Maharashtra,Ragi,Kharif,80297.0,93472.0,1.1640783590918715
2018,Maharashtra,Rapeseed & Mustard,Rabi,5738.0,1979.0,0.3448936911815963
2018,Maharashtra,Safflower,Rabi,25122.0,11965.0,0.4762757742217976
2018,Maharashtra,Sesame,Kharif,36932.0,6270.3,0.1697795949312249
2018,Maharashtra,Sesame,Rabi,875.0,96.0,0.1097142857142857
2018,Maharashtra,Soybean,Kharif,4075174.0,4610936.0,1.1314697237467652
2018,Maharashtra,Sunflower,Kharif,16026.0,2610.0,0.1628603519281168
2018,Maharashtra,Tur,Kharif,1261309.0,834489.0,0.661605522516687
2018,Maharashtra,Urad,Kharif,366614.0,154473.0,0.4213505212566896
2018,Maharashtra,Wheat,Rabi,834423.25,1249407.0,1.4973300420380184
2018,Punjab,Bajra,Kharif,1100.0,700.0,0.6363636363636364
2018,Punjab,Barley,Rabi,6800.0,25500.0,3.75
2018,Punjab,Cotton,Kharif,267900.0,207959.18367346938,0.7762567513007443
2018,Punjab,Gram,Rabi,1900.0,2500.0,1.3157894736842106
2018,Punjab,Groundnut,Kharif,1300.0,2600.0,2.0
2018,Punjab,Maize,Kharif,109200.0,395900.0,3.625457875457876
2018,Punjab,Masoor,Rabi,700.0,500.0,0.7142857142857143
2018,Punjab,Moong,Kharif,3200.0,2700.0,0.84375
2018,Punjab,Moong,Rabi,16300.0,14100.0,0.8650306748466258
2018,Punjab,Paddy,Kharif,3103000.0,12822000.0,4.132130196583951
2018,Punjab,Rapeseed & Mustard,Rabi,30500.0,46500.0,1.524590163934426
2018,Punjab,Sesame,Kharif,2900.0,800.0,0.2758620689655172
2018,Punjab,Sunflower,Rabi,5000.0,9700.0,1.94
2018,Punjab,Tur,Kharif,2300.0,2400.0,1.0434782608695652
2018,Punjab,Urad,Kharif,2000.0,1100.0,0.55
2018,Punjab,Wheat,Rabi,3520000.0,18262000.0,5.188068181818182
2018,Uttar Pradesh,Bajra,Kharif,876724.0,1779291.0,2.0294767794653734
2018,Uttar Pradesh,Barley,Rabi,150880.0,454980.0,3.01550901378579
2018,Uttar Pradesh,Cotton,Kharif,5699.0,332.1428571428571,0.05828090141127515
2018,Uttar Pradesh,Gram,Rabi,572383.0,727945.0,1.2717795601895934
2018,Uttar Pradesh,Groundnut,Kharif,101032.0,100470.0,0.9944374059703855
2018,Uttar Pradesh,Jowar,Kharif,147490.0,183966.0,1.2473116821479422
2018,Uttar Pradesh,Maize,Kharif,673768.0,1392479.0,2.066703969318816
2018,Uttar Pradesh,Maize,Rabi,13442.0,37694.0,2.804195804195804
2018,Uttar Pradesh,Masoor,Rabi,475681.0,488137.0,1.0261856159905482
2018,Uttar Pradesh,Moong,Kharif,50515.0,21427.0,0.4241710383054538
2018,Uttar Pradesh,Paddy,Kharif,5894983.0,15932429.0,2.7027099145154447
2018,Uttar Pradesh,Rapeseed & Mustard,Rabi,753181.0,1117198.0,1.483306137568526
2018,Uttar Pradesh,Sesame,Kharif,327257.0,74028.0,0.2262075371955374
2018,Uttar Pradesh,Soybean,Kharif,22722.0,20472.0,0.9009770266701876
2018,Uttar Pradesh,Tur,Kharif,250575.0,271683.0,1.0842382520203533
2018,Uttar Pradesh,Urad,Kharif,521486.0,289614.0,0.5553629435881309
2018,Uttar Pradesh,Wheat,Rabi,9855900.0,38039724.0,3.8595890786229567
2019,Gujarat,Bajra,Kharif,177351.0,308240.0,1.7380223398796737
2019,Gujarat,Cotton,Kharif,2654636.0,1466723.469387755,0.5525139677860751
2019,Gujarat,Gram,Rabi,405046.0,636475.0,1.5713647338820775
2019,Gujarat,Groundnut,Kharif,1629275.0,4503628.0,2.76419143484065
2019,Gujarat,Jowar,Kharif,28638.0,43518.0,1.5195893567986591
2019,Gujarat,Jowar,Rabi,20277.0,23623.0,1.1650145485032302
2019,Gujarat,Maize,Kharif,300503.0,449952.0,1.497329477575931
2019,Gujarat,Maize,Rabi,132342.0,333579.0,2.520583034864216
2019,Gujarat,Moong,Kharif,91512.0,58758.0,0.6420797272488854
2019,Gujarat,Paddy,Kharif,849599.0,1821136.0,2.143524180230909
2019,Gujarat,Ragi,Kharif,11606.0,10010.0,0.8624849215922799
2019,Gujarat,Rapeseed & Mustard,Rabi,172618.0,333540.0,1.9322434508568047
2019,Gujarat,Sesame,Kharif,109958.0,56270.0,0.5117408465050292
2019,Gujarat,Soybean,Kharif,100624.0,132661.0,1.3183832882811255
2019,Gujarat,Tur,Kharif,212698.0,210689.0,0.9905546831658032
2019,Gujarat,Urad,Kharif,86469.0,52291.0,0.6047369577536458
2019,Gujarat,Wheat,Rabi,1393487.0,4553681.0,3.2678317056420334
2019,Haryana,Bajra,Kharif,492900.0,1101500.0,2.234733211604788
2019,Haryana,Barley,Rabi,12100.0,46600.0,3.851239669421488
2019,Haryana,Cotton,Kharif,723000.0,418877.55102040817,0.5793603748553362
2019,Haryana,Gram,Rabi,43970.0,47090.0,1.0709574710029566
2019,Haryana,Groundnut,Kharif,2725.0,3089.0,1.1335779816513762
2019,Haryana,Jowar,Kharif,29920.0,15770.0,0.527072192513369
2019,Haryana,Maize,Kharif,6050.0,17290.0,2.8578512396694213
2019,Haryana,Masoor,Rabi,879.0,604.0,0.6871444823663254
2019,Haryana,Moong,Kharif,23852.0,15894.0,0.6663592151601543
2019,Haryana,Paddy,Kharif,1558900.0,5194600.0,3.332221438193598
2019,Haryana,Rapeseed & Mustard,Rabi,636400.0,1142200.0,1.7947831552482716
2019,Haryana,Sesame,Kharif,422.0,337.0,0.7985781990521327
2019,Haryana,Sunflower,Kharif,9050.0,16730.0,1.8486187845303867
2019,Haryana,Tur,Kharif,1263.0,1404.0,1.1116389548693586
2019,Haryana,Urad,Kharif,265.0,136.0,0.5132075471698113
2019,Haryana,Wheat,Rabi,2533800.0,11876900.0,4.687386534059516
2019,Maharashtra,Bajra,Kharif,672783.0,512321.0,0.7614951626304469
2019,Maharashtra,Cotton,Kharif,4491331.0,1129113.0952380951,0.25139832607262635
2019,Maharashtra,Gram,Rabi,2043208.0,2240091.0,1.0963597440887076
2019,Maharashtra,Groundnut,Kharif,221102.0,191432.5,0.8658108022541633
2019,Maharashtra,Jowar,Kharif,389881.0,273081.0,0.7004214106355529
2019,Maharashtra,Jowar,Rabi,1981591.0,1591616.0,0.8032010641953864
2019,Maharashtra,Maize,Kharif,771711.0,1051683.0,1.3627938438094054
2019,Maharashtra,Maize,Rabi,297952.0,795312.0,2.669262163032972
2019,Maharashtra,Moong,Kharif,386788.0,150720.0,0.3896708274300133
2019,Maharashtra,Paddy,Kharif,1478093.0,2701810.0,1.8279025744658828
2019,Maharashtra,Ragi,Kharif,82225.0,87270.0,1.0613560352690787
2019,Maharashtra,Rapeseed & Mustard,Rabi,10517.0,3204.0,0.3046496149091946
2019,Maharashtra,Safflower,Rabi,21603.0,14917.0,0.6905059482479285
2019,Maharashtra,Sesame,Kharif,20063.0,3617.0,0.1802821113492498
2019,Maharashtra,Sesame,Rabi,1884.0,589.0,0.3126326963906581
2019,Maharashtra,Soybean,Kharif,4123911.0,4825628.0,1.1701581338685534
2019,Maharashtra,Sunflower,Kharif,19230.0,6780.0,0.3525741029641185
2019,Maharashtra,Sunflower,Rabi,3411.0,1843.0,0.5403107593081208
2019,Maharashtra,Tur,Kharif,1319102.0,1196801.0,0.9072846527410314
2019,Maharashtra,Urad,Kharif,340529.0,151195.0,0.4440003641393244
2019,Maharashtra,Wheat,Rabi,1056965.0,1793440.0,1.696782769533523
2019,Punjab,Bajra,Kharif,500.0,300.0,0.6
2019,Punjab,Barley,Rabi,6200.0,23400.0,3.774193548387097
2019,Punjab,Cotton,Kharif,248000.0,205170.0680272109,0.8272986614000438
2019,Punjab,Gram,Rabi,1500.0,1800.0,1.2
2019,Punjab,Groundnut,Kharif,1400.0,2800.0,2.0
2019,Punjab,Maize,Kharif,114600.0,410500.0,3.582024432809773
2019,Punjab,Masoor,Rabi,800.0,400.0,0.5
2019,Punjab,Moong,Kharif,2600.0,2300.0,0.8846153846153846
2019,Punjab,Moong,Rabi,21300.0,19500.0,0.9154929577464788
2019,Punjab,Paddy,Kharif,3142000.0,12675000.0,4.034054742202419
2019,Punjab,Rapeseed & Mustard,Rabi,28400.0,42600.0,1.5
2019,Punjab,Sesame,Kharif,2600.0,1000.0,0.3846153846153846
2019,Punjab,Sunflower,Rabi,4300.0,8000.0,1.8604651162790693
2019,Punjab,Tur,Kharif,2000.0,2200.0,1.1
2019,Punjab,Urad,Kharif,2000.0,1200.0,0.6
2019,Punjab,Wheat,Rabi,3521000.0,17619000.0,5.003976143141153
2019,Uttar Pradesh,Bajra,Kharif,917090.0,1939329.0,2.1146550502131745
2019,Uttar Pradesh,Barley,Rabi,166979.0,523051.0,3.1324358152821614
2019,Uttar Pradesh,Cotton,Kharif,3185.0,1263.452380952381,0.3966883456679375
2019,Uttar Pradesh,Gram,Rabi,620776.0,851211.0,1.371204750183641
2019,Uttar Pradesh,Groundnut,Kharif,93822.0,88371.0,0.9419006203235916
2019,Uttar Pradesh,Jowar,Kharif,168047.0,226638.0,1.3486584110397686
2019,Uttar Pradesh,Maize,Kharif,665264.0,1641286.0,2.4671198201014937
2019,Uttar Pradesh,Maize,Rabi,14992.0,42414.0,2.829108858057631
2019,Uttar Pradesh,Masoor,Rabi,463374.0,453266.0,0.9781860872642832
2019,Uttar Pradesh,Moong,Kharif,48924.0,14042.0,0.2870165971711225
2019,Uttar Pradesh,Paddy,Kharif,5898690.0,16947998.0,2.873179977249186
2019,Uttar Pradesh,Rapeseed & Mustard,Rabi,702889.0,885907.0,1.260379661653547
2019,Uttar Pradesh,Sesame,Kharif,355909.0,65536.0,0.1841369563568215
2019,Uttar Pradesh,Soybean,Kharif,22402.0,11497.0,0.513213105972681
2019,Uttar Pradesh,Tur,Kharif,285000.0,279213.0,0.9796947368421052
2019,Uttar Pradesh,Urad,Kharif,518986.0,212530.0,0.4095100831236295
2019,Uttar Pradesh,Wheat,Rabi,9852504.0,36209665.0,3.6751738441314
2020,Gujarat,Bajra,Kharif,184150.0,282510.0,1.5341297855009504
2020,Gujarat,Cotton,Kharif,2270503.0,1227379.931972789,0.5405762212041954
2020,Gujarat,Gram,Rabi,816210.0,1437935.0,1.7617218607956286
2020,Gujarat,Groundnut,Kharif,2101464.0,3991190.0,1.8992426232378952
2020,Gujarat,Jowar,Kharif,26455.0,39366.0,1.488036288036288
2020,Gujarat,Jowar,Rabi,14608.0,18053.0,1.235829682365827
2020,Gujarat,Maize,Kharif,286705.0,436037.0,1.5208559320555972
2020,Gujarat,Maize,Rabi,96566.0,219496.0,2.2730153470165484
2020,Gujarat,Moong,Kharif,91632.0,37753.0,0.4120067225423433
2020,Gujarat,Paddy,Kharif,836906.0,1935215.0,2.3123445165884817
2020,Gujarat,Ragi,Kharif,10468.0,12617.0,1.2052923194497516
2020,Gujarat,Rapeseed & Mustard,Rabi,214668.0,424124.0,1.9757206476978404
2020,Gujarat,Sesame,Kharif,141296.0,26333.0,0.1863676254104858
2020,Gujarat,Soybean,Kharif,149168.0,202489.0,1.3574560227394616
2020,Gujarat,Tur,Kharif,241024.0,285808.0,1.1858072225172598
2020,Gujarat,Urad,Kharif,98989.0,65873.0,0.6654577781369647
2020,Gujarat,Wheat,Rabi,1366353.0,4378847.0,3.204769924024026
2020,Haryana,Bajra,Kharif,594130.0,1417860.0,2.3864474104993856
2020,Haryana,Barley,Rabi,9260.0,30960.0,3.3434125269978403
2020,Haryana,Cotton,Kharif,719860.0,310.2942176870748,0.0004310480061221258
2020,Haryana,Gram,Rabi,40570.0,40160.0,0.9898940103524771
2020,Haryana,Groundnut,Kharif,9386.0,10600.0,1.129341572554869
2020,Haryana,Jowar,Kharif,32750.0,17210.0,0.5254961832061069
2020,Haryana,Maize,Kharif,9290.0,27620.0,2.9730893433799785
2020,Haryana,Masoor,Rabi,898.0,622.0,0.6926503340757239
2020,Haryana,Moong,Kharif,28557.0,19641.0,0.6877823300766888
2020,Haryana,Paddy,Kharif,1525690.0,5633530.0,3.692447351690055
2020,Haryana,Rapeseed & Mustard,Rabi,616410.0,1221020.0,1.9808568971950489
2020,Haryana,Sunflower,Kharif,12160.0,24340.0,2.0016447368421053
2020,Haryana,Tur,Kharif,1172.0,1334.0,1.1382252559726962
2020,Haryana,Urad,Kharif,485.0,271.0,0.5587628865979382
2020,Haryana,Wheat,Rabi,2354010.0,11406230.0,4.845446705833875
2020,Maharashtra,Bajra,Kharif,687496.59,905622.71,1.3172759300522496
2020,Maharashtra,Cotton,Kharif,4544910.0,1719452.7210884353,0.3783249219651072
2020,Maharashtra,Gram,Rabi,2231281.86,2397214.62,1.074366561649903
2020,Maharashtra,Groundnut,Kharif,226043.37,270653.1,1.1973503137915524
2020,Maharashtra,Jowar,Kharif,378738.65,381436.01,1.0071219559978892
2020,Maharashtra,Jowar,Rabi,1941692.0,1804887.6,0.929543717541196
2020,Maharashtra,Maize,Kharif,809875.6599999999,2624983.01,3.241217312297051
2020,Maharashtra,Maize,Rabi,331623.18,867679.89,2.616463330458384
2020,Maharashtra,Moong,Kharif,401021.73,207149.01,0.5165530805525177
2020,Maharashtra,Paddy,Kharif,1472582.19,3027227.51,2.055727368263228
2020,Maharashtra,Ragi,Kharif,81632.05,93929.28,1.1506421803691074
2020,Maharashtra,Safflower,Rabi,21437.8,12206.01,0.5693685919264104
2020,Maharashtra,Sesame,Kharif,19201.07,4581.65,0.2386143063902167
2020,Maharashtra,Sesame,Rabi,1647.94,508.59,0.308621673119167
2020,Maharashtra,Soybean,Kharif,4289728.96,6263778.54,1.4601804912168623
2020,Maharashtra,Sunflower,Kharif,19183.46,8715.72,0.4543351407931624
2020,Maharashtra,Sunflower,Rabi,3697.5,1936.48,0.5237268424611223
2020,Maharashtra,Tur,Kharif,1339632.25,1450150.89,1.0824992381304646
2020,Maharashtra,Urad,Kharif,356446.6,226578.0,0.6356576272574911
2020,Maharashtra,Wheat,Rabi,1126185.41,2071389.77,1.8392972876464453
2020,Punjab,Bajra,Kharif,400.0,300.0,0.75
2020,Punjab,Barley,Rabi,5700.0,21500.0,3.771929824561404
2020,Punjab,Cotton,Kharif,251700.0,173996.59863945577,0.6912856521233841
2020,Punjab,Gram,Rabi,1800.0,2400.0,1.3333333333333333
2020,Punjab,Groundnut,Kharif,1500.0,3000.0,2.0
2020,Punjab,Maize,Kharif,108100.0,396400.0,3.666975023126735
2020,Punjab,Masoor,Rabi,200.0,154.3,0.7715000000000001
2020,Punjab,Moong,Kharif,2600.0,2500.0,0.9615384615384616
2020,Punjab,Paddy,Kharif,3149100.0,13992000.0,4.443174240259122
2020,Punjab,Rapeseed & Mustard,Rabi,28800.0,46800.0,1.625
2020,Punjab,Sesame,Kharif,2500.0,1000.0,0.4
2020,Punjab,Sunflower,Rabi,2500.0,4500.0,1.8
2020,Punjab,Tur,Kharif,1800.0,2100.0,1.1666666666666667
2020,Punjab,Urad,Kharif,2000.0,1200.0,0.6
2020,Punjab,Wheat,Rabi,3530200.0,17185000.0,4.867996147527053
2020,Uttar Pradesh,Bajra,Kharif,907406.0,2119958.0,2.3362838685219187
2020,Uttar Pradesh,Barley,Rabi,156859.0,487753.0,3.109499614303292
2020,Uttar Pradesh,Cotton,Kharif,2970.0,1086.4336734693877,0.36580258365972657
2020,Uttar Pradesh,Gram,Rabi,611365.0,760147.0,1.2433603493821204
2020,Uttar Pradesh,Groundnut,Kharif,90921.0,109921.0,1.2089726245861792
2020,Uttar Pradesh,Jowar,Kharif,174246.0,275047.0,1.5784982151670626
2020,Uttar Pradesh,Maize,Kharif,708688.0,1636447.0,2.3091219267152825
2020,Uttar Pradesh,Maize,Rabi,16218.0,42946.0,2.6480453816746823
2020,Uttar Pradesh,Masoor,Rabi,472048.0,478564.0,1.0138036809815951
2020,Uttar Pradesh,Moong,Kharif,38604.0,15372.0,0.3981970780230028
2020,Uttar Pradesh,Paddy,Kharif,5941447.0,17136470.0,2.8842250044475697
2020,Uttar Pradesh,Rapeseed & Mustard,Rabi,700982.0,1007738.0,1.4376089542955457
2020,Uttar Pradesh,Sesame,Kharif,317222.0,98365.0,0.3100825289544861
2020,Uttar Pradesh,Soybean,Kharif,57413.0,39440.0,0.6869524323759427
2020,Uttar Pradesh,Tur,Kharif,295991.0,353876.0,1.1955633786162416
2020,Uttar Pradesh,Urad,Kharif,507945.0,282319.0,0.555806238864444
2020,Uttar Pradesh,Wheat,Rabi,9851478.0,37478852.0,3.804388742481077
2021,Gujarat,Bajra,Kharif,164355.0,269284.0,1.638429010373886
2021,Gujarat,Cotton,Kharif,2245842.0,12564.78231292517,0.0055946866756099315
2021,Gujarat,Gram,Rabi,1101562.0,2101355.0,1.9076139155126992
2021,Gujarat,Groundnut,Kharif,1926707.0,4359057.0,2.262438969703229
2021,Gujarat,Jowar,Kharif,28090.0,40255.0,1.433072267710929
2021,Gujarat,Jowar,Rabi,14669.0,17283.0,1.1781989228986298
2021,Gujarat,Maize,Kharif,294685.0,574496.0,1.9495257647997013
2021,Gujarat,Maize,Rabi,90632.0,229282.0,2.529812869626622
2021,Gujarat,Moong,Kharif,98796.0,43844.0,0.4437831491153488
2021,Gujarat,Paddy,Kharif,818131.0,1884702.0,2.303667750030252
2021,Gujarat,Ragi,Kharif,9995.0,8996.0,0.9000500250125063
2021,Gujarat,Rapeseed & Mustard,Rabi,340198.0,678926.0,1.995678986942898
2021,Gujarat,Sesame,Kharif,100650.0,33271.0,0.3305613512170889
2021,Gujarat,Soybean,Kharif,224472.0,366041.0,1.630675540824691
2021,Gujarat,Tur,Kharif,246843.0,286299.0,1.1598424909760454
2021,Gujarat,Urad,Kharif,154823.0,91794.0,0.5928964042810176
2021,Gujarat,Wheat,Rabi,1253834.0,4018532.0,3.204995238604153
2021,Haryana,Bajra,Kharif,493131.0,1143840.0,2.319545921874715
2021,Haryana,Barley,Rabi,3238.0,10570.0,3.264360716491661
2021,Haryana,Cotton,Kharif,632236.0,266037.4149659864,0.4207881470937852
2021,Haryana,Gram,Rabi,38046.0,45422.0,1.1938705777217054
2021,Haryana,Groundnut,Kharif,14015.0,15704.8,1.1205708169818052
2021,Haryana,Jowar,Kharif,31555.0,12640.0,0.4005704325780383
2021,Haryana,Maize,Kharif,9189.0,29670.0,3.228860594188704
2021,Haryana,Masoor,Rabi,510.0,458.4,0.8988235294117647
2021,Haryana,Moong,Kharif,79238.0,24867.6,0.3138342714354223
2021,Haryana,Paddy,Kharif,1534539.0,5514470.0,3.5935678402438778
2021,Haryana,Rapeseed & Mustard,Rabi,875677.0,1676628.14,1.9146650420189173
2021,Haryana,Sesame,Kharif,3331.0,1733.9,0.5205343740618432
2021,Haryana,Soybean,Kharif,2.0,1.2,0.6
2021,Haryana,Sunflower,Kharif,24626.0,33359.880000000005,1.3546609274750263
2021,Haryana,Tur,Kharif,1138.0,1298.8,1.1413005272407732
2021,Haryana,Wheat,Rabi,2310699.0,10475400.0,4.5334333896366426
2021,Maharashtra,Bajra,Kharif,644737.6799999999,599805.02,0.93030861791729
2021,Maharashtra,Cotton,Kharif,4409930.0,1324985.3741496599,0.30045496734634336
2021,Maharashtra,Gram,Rabi,2372179.34,2715128.65,1.1445714091751595
2021,Maharashtra,Groundnut,Kharif,231733.24,268941.12,1.1605634133454483
2021,Maharashtra,Jowar,Kharif,339457.05,262463.36,0.773185768273188
2021,Maharashtra,Jowar,Rabi,1934551.9,1878170.85,0.9708557573461843
2021,Maharashtra,Maize,Kharif,811469.86,2186293.67,2.6942389086391945
2021,Maharashtra,Maize,Rabi,366905.03,1285408.89,3.503383123420248
2021,Maharashtra,Moong,Kharif,415188.41,205270.17,0.4944024569471966
2021,Maharashtra,Paddy,Kharif,1472784.66,3132485.83,2.126913672498463
2021,Maharashtra,Ragi,Kharif,81264.81,102635.11,1.2629711433522086
2021,Maharashtra,Safflower,Rabi,27570.57,20657.02,0.7492416732769762
2021,Maharashtra,Sesame,Kharif,16800.13,2772.85,0.165049318070753
2021,Maharashtra,Sesame,Rabi,2022.11,1374.69,0.6798294850428513
2021,Maharashtra,Soybean,Kharif,4526479.17,5447145.16,1.2033956095726384
2021,Maharashtra,Sunflower,Kharif,10547.17,4636.85,0.4396297774663725
2021,Maharashtra,Sunflower,Rabi,4100.95,4156.46,1.0135358880259453
2021,Maharashtra,Tur,Kharif,1418922.59,1649519.13,1.1625152362962945
2021,Maharashtra,Urad,Kharif,379680.71,183578.24,0.4835068918829192
2021,Maharashtra,Wheat,Rabi,1132247.45,2144251.9,1.8938014830592025
2021,Punjab,Bajra,Kharif,2300.0,1500.0,0.6521739130434783
2021,Punjab,Barley,Rabi,5000.0,15700.0,3.14
2021,Punjab,Cotton,Kharif,250300.0,109761.90476190476,0.43852139337556834
2021,Punjab,Gram,Rabi,1700.0,2200.0,1.2941176470588236
2021,Punjab,Groundnut,Kharif,1400.0,2800.0,2.0
2021,Punjab,Maize,Kharif,105300.0,414000.0,3.931623931623931
2021,Punjab,Masoor,Rabi,200.0,59.2,0.296
2021,Punjab,Moong,Kharif,100.0,100.0,1.0
2021,Punjab,Paddy,Kharif,3143400.0,13642000.0,4.339886746834638
2021,Punjab,Rapeseed & Mustard,Rabi,38600.0,62000.0,1.6062176165803108
2021,Punjab,Sesame,Kharif,2800.0,1000.0,0.3571428571428571
2021,Punjab,Sunflower,Rabi,500.0,900.0,1.8
2021,Punjab,Tur,Kharif,1500.0,1500.0,1.0
2021,Punjab,Urad,Kharif,1200.0,544.1,0.4534166666666667
2021,Punjab,Wheat,Rabi,3526500.0,14871000.0,4.216928966397278
2021,Uttar Pradesh,Bajra,Kharif,945690.0,2038868.0,2.15595808351574
2021,Uttar Pradesh,Barley,Rabi,192651.0,584533.0,3.034155026446787
2021,Uttar Pradesh,Cotton,Kharif,4096.0,267.85714285714283,0.06539481026785714
2021,Uttar Pradesh,Gram,Rabi,679164.0,914070.0,1.3458752230683606
2021,Uttar Pradesh,Groundnut,Kharif,96534.0,110507.0,1.1447469285433112
2021,Uttar Pradesh,Jowar,Kharif,195950.0,298825.0,1.525006379178362
2021,Uttar Pradesh,Maize,Kharif,828942.0,1760031.0,2.123225750414384
2021,Uttar Pradesh,Maize,Rabi,8639.0,24119.0,2.7918740594976272
2021,Uttar Pradesh,Masoor,Rabi,543706.0,513514.0,0.9444699892956856
2021,Uttar Pradesh,Moong,Kharif,40849.0,14617.0,0.35783005703934
2021,Uttar Pradesh,Paddy,Kharif,6146024.0,16445130.0,2.6757347514425587
2021,Uttar Pradesh,Rapeseed & Mustard,Rabi,910997.0,1246021.0,1.3677553274050298
2021,Uttar Pradesh,Sesame,Kharif,358171.0,81369.0,0.2271791965290322
2021,Uttar Pradesh,Soybean,Kharif,18249.0,9507.0,0.5209600526056223
2021,Uttar Pradesh,Tur,Kharif,348010.0,425735.0,1.223341283296457
2021,Uttar Pradesh,Urad,Kharif,555104.0,276648.0,0.4983714763359658
2021,Uttar Pradesh,Wheat,Rabi,10192420.0,38056946.0,3.7338478987325874
2022,Gujarat,Bajra,Kharif,184124.0,326849.0,1.775156959440377
2022,Gujarat,Cotton,Kharif,2549241.0,1700811.224489796,0.6671833790880485
2022,Gujarat,Gram,Rabi,764049.0,1298167.0,1.6990624946829327
2022,Gujarat,Groundnut,Kharif,1709022.0,4407554.0,2.5789919614844043
2022,Gujarat,Jowar,Kharif,18293.0,25125.0,1.37347619307932
2022,Gujarat,Jowar,Rabi,13310.0,20991.0,1.577084898572502
2022,Gujarat,Maize,Kharif,287920.0,548727.0,1.9058314809669352
2022,Gujarat,Maize,Rabi,105586.0,290123.0,2.747741177807664
2022,Gujarat,Moong,Kharif,79625.0,46639.0,0.5857331240188383
2022,Gujarat,Paddy,Kharif,867961.0,2166280.0,2.495826425380864
2022,Gujarat,Ragi,Kharif,10216.0,8299.0,0.8123531714956931
2022,Gujarat,Rapeseed & Mustard,Rabi,307032.0,603773.0,1.966482321060997
2022,Gujarat,Sesame,Kharif,71971.0,36586.0,0.5083436384099151
2022,Gujarat,Soybean,Kharif,221498.0,372535.0,1.6818887755194178
2022,Gujarat,Tur,Kharif,243771.0,283497.0,1.1629644215267607
2022,Gujarat,Urad,Kharif,96800.0,59131.0,0.6108574380165289
2022,Gujarat,Wheat,Rabi,1292842.0,4103948.0,3.1743616002574173
2022,Haryana,Bajra,Kharif,526260.0,1323360.0,2.5146505529586136
2022,Haryana,Barley,Rabi,12870.0,45990.0,3.5734265734265733
2022,Haryana,Cotton,Kharif,574610.0,170037.4149659864,0.2959179529872198
2022,Haryana,Gram,Rabi,28890.0,26320.0,0.9110418830044998
2022,Haryana,Jowar,Kharif,26840.0,14130.0,0.5264530551415797
2022,Haryana,Maize,Kharif,4810.0,16010.0,3.3284823284823286
2022,Haryana,Moong,Kharif,30510.0,15090.0,0.4945919370698132
2022,Haryana,Paddy,Kharif,1661280.0,5921470.0,3.5644021477415007
2022,Haryana,Rapeseed & Mustard,Rabi,831880.0,1414710.0,1.7006178775784968
2022,Haryana,Wheat,Rabi,2376610.0,11064250.0,4.655475656502329
2022,Maharashtra,Bajra,Kharif,491317.0,536259.0,1.0914725116370898
2022,Maharashtra,Cotton,Kharif,4240007.3,1461045.3996598637,0.34458558589270916
2022,Maharashtra,Gram,Rabi,2934822.0500000003,2974148.54,1.0133999572478338
2022,Maharashtra,Groundnut,Kharif,165455.03,205164.39,1.2400009235137788
2022,Maharashtra,Jowar,Kharif,150537.75,140583.16999999998,0.9338731979187944
2022,Maharashtra,Jowar,Rabi,1338211.39,1395349.7,1.0426975218018433
2022,Maharashtra,Maize,Kharif,838639.0,2613831.0,3.1167534541083826
2022,Maharashtra,Maize,Rabi,400261.97,1143826.46,2.857694574380874
2022,Maharashtra,Moong,Kharif,285964.2,178475.99000000002,0.6241200471947188
2022,Maharashtra,Paddy,Kharif,1522931.69,3496425.95,2.2958521205898608
2022,Maharashtra,Ragi,Kharif,77406.0,109505.0,1.4146836162571377
2022,Maharashtra,Safflower,Rabi,31278.54,23977.26,0.7665722249184265
2022,Maharashtra,Sesame,Kharif,6402.65,1641.02,0.2563032494357805
2022,Maharashtra,Sesame,Rabi,1544.32,517.37,0.3350147637795276
2022,Maharashtra,Soybean,Kharif,4892703.0,6679905.0,1.3652790696676254
2022,Maharashtra,Sunflower,Kharif,11798.0,4882.0,0.4137989489744024
2022,Maharashtra,Sunflower,Rabi,4441.49,3497.6400000000003,0.7874924856298225
2022,Maharashtra,Tur,Kharif,1191371.0,859114.0,0.7211137420669128
2022,Maharashtra,Urad,Kharif,367252.18,233422.13,0.6355908629323862
2022,Maharashtra,Wheat,Rabi,1203623.39,2301022.61,1.9117463395256884
2022,Punjab,Bajra,Kharif,600.0,400.0,0.6666666666666666
2022,Punjab,Barley,Rabi,5500.0,21100.0,3.836363636363637
2022,Punjab,Cotton,Kharif,248900.0,75476.19047619047,0.30323901356444544
2022,Punjab,Gram,Rabi,1700.0,1800.0,1.0588235294117647
2022,Punjab,Groundnut,Kharif,1700.0,2900.0,1.7058823529411764
2022,Punjab,Maize,Kharif,93300.0,409900.0,4.393354769560557
2022,Punjab,Masoor,Rabi,500.0,500.0,1.0
2022,Punjab,Moong,Kharif,3800.0,3000.0,0.7894736842105263
2022,Punjab,Paddy,Kharif,3167800.0,13751000.0,4.340867479007513
2022,Punjab,Rapeseed & Mustard,Rabi,43300.0,70500.0,1.628175519630485
2022,Punjab,Sesame,Kharif,2000.0,700.0,0.35
2022,Punjab,Sunflower,Rabi,1500.0,2900.0,1.933333333333333
2022,Punjab,Tur,Kharif,1200.0,1300.0,1.0833333333333333
2022,Punjab,Urad,Kharif,1300.0,600.0,0.4615384615384615
2022,Punjab,Wheat,Rabi,3517500.0,16567400.0,4.70999289267946
2022,Uttar Pradesh,Bajra,Kharif,947023.0,2045552.0,2.1599813309708424
2022,Uttar Pradesh,Barley,Rabi,192651.0,591040.0,3.067931129347888
2022,Uttar Pradesh,Cotton,Kharif,3218.0,209.01360544217687,0.06495140007525695
2022,Uttar Pradesh,Gram,Rabi,679679.0,917071.0,1.3492707586963846
2022,Uttar Pradesh,Groundnut,Kharif,98372.0,114903.0,1.1680457853860855
2022,Uttar Pradesh,Jowar,Kharif,198011.0,315351.0,1.5925933407739974
2022,Uttar Pradesh,Maize,Kharif,831763.0,1782307.0,2.1428063041996337
2022,Uttar Pradesh,Maize,Rabi,9769.0,27568.0,2.821987920974512
2022,Uttar Pradesh,Masoor,Rabi,543960.0,516679.0,0.9498474152511214
2022,Uttar Pradesh,Moong,Kharif,42322.0,15944.0,0.3767307783186049
2022,Uttar Pradesh,Paddy,Kharif,6147036.0,16450931.0,2.676237946223188
2022,Uttar Pradesh,Rapeseed & Mustard,Rabi,1274889.0,1908905.0,1.4973107462688908
2022,Uttar Pradesh,Sesame,Kharif,360770.0,84107.0,0.2331319122986944
2022,Uttar Pradesh,Soybean,Kharif,20989.0,11443.0,0.5451903377959884
2022,Uttar Pradesh,Tur,Kharif,349483.0,427858.0,1.2242598352423435
2022,Uttar Pradesh,Urad,Kharif,558155.0,280245.0,0.5020917128754557
2022,Uttar Pradesh,Wheat,Rabi,10193110.0,38070490.0,3.734923884859479
