year,state,ALLSKY_SFC_PAR_TOT_Kharif,ALLSKY_SFC_SW_DWN_Kharif,GWETPROF_Kharif,GWETROOT_Kharif,GWETTOP_Kharif,PRECTOTCORR_Kharif,QV2M_Kharif,RH2M_Kharif,T2M_Kharif,T2M_MAX_Kharif,T2M_MIN_Kharif,T2M_RANGE_Kharif,WS10M_Kharif,ALLSKY_SFC_PAR_TOT_Rabi,ALLSKY_SFC_SW_DWN_Rabi,GWETPROF_Rabi,GWETROOT_Rabi,GWETTOP_Rabi,PRECTOTCORR_Rabi,QV2M_Rabi,RH2M_Rabi,T2M_Rabi,T2M_MAX_Rabi,T2M_MIN_Rabi,T2M_RANGE_Rabi,WS10M_Rabi
2007,Gujarat,1077.114,2256.723,0.7145114942528736,0.7306321839080461,0.7315555555555555,1019.2112222222224,19.477,79.09558333333334,28.796638888888893,35.02136111111111,24.37613888888889,5.990916666666667,4.964972222222222,1525.4306666666666,3429.8553333333334,0.5329118773946361,0.532183908045977,0.4094444444444444,11.159222222222224,8.715592592592591,47.76461111111112,23.9765925925926,34.22805555555555,14.71327777777778,13.082296296296295,3.390092592592593
2007,Haryana,1161.4462500000002,2498.17,0.4393571428571428,0.4453571428571429,0.4132142857142857,469.04971428571423,16.499000000000002,55.24285714285714,32.52142857142857,41.70057142857142,24.83992857142857,10.330714285714285,3.2842857142857147,1217.603125,2832.838125,0.3768571428571428,0.3768095238095238,0.2783333333333333,128.39142857142858,5.100714285714287,38.69538095238095,19.05580952380953,32.42852380952382,8.16342857142857,15.35542857142857,2.7270476190476187
2007,Maharashtra,966.0616666666666,2039.518958333333,0.7683579881656806,0.777810650887574,0.7815088757396449,1066.817396449704,18.122189349112425,80.8523372781065,26.6671449704142,33.76659763313609,21.94295857988166,6.974467455621301,4.504940828402367,1564.313125,3517.371875,0.6232051282051281,0.6181558185404339,0.4547435897435897,37.83828402366864,9.218145956607492,52.26222879684418,23.775749506903352,34.50773175542406,13.60000986193294,14.891370808678502,2.8878500986193294
2007,Punjab,1156.9450000000002,2509.3033333333333,0.4781428571428571,0.4870714285714286,0.4443571428571429,442.5411428571429,15.260714285714284,53.80021428571428,31.078785714285715,40.02757142857143,23.041071428571428,10.46342857142857,2.4990714285714284,1164.1733333333332,2697.56,0.4472380952380952,0.4521428571428571,0.3695238095238095,187.05657142857143,4.918428571428572,42.27028571428571,16.447904761904763,29.391476190476187,6.265285714285714,13.85104761904762,2.4821904761904765
2007,Uttar Pradesh,1019.2864583333331,2183.256875,0.601875,0.6131891025641025,0.6136538461538462,808.9803205128204,16.862692307692306,71.7330608974359,26.792916666666663,34.860464743589745,20.494358974358978,8.501939102564103,3.243060897435897,1260.7362500000002,2917.058958333333,0.4933760683760683,0.4954380341880341,0.4454487179487179,126.60429487179486,6.170715811965812,48.9710576923077,16.05637820512821,28.36241452991453,5.194807692307692,14.475405982905984,2.6097222222222225
2008,Gujarat,1008.187,2132.3340000000003,0.6273275862068965,0.6376436781609195,0.6422777777777777,690.0484444444444,18.466527777777777,76.44463888888889,28.5375,34.89844444444444,24.127555555555556,6.6425277777777785,5.34486111111111,1504.3866666666668,3407.8186666666666,0.5083908045977013,0.5059195402298852,0.3654814814814815,12.378,8.09814814814815,43.57296296296297,23.930203703703707,34.71018518518519,13.570777777777776,13.639592592592592,3.453018518518519
2008,Haryana,1108.1906250000002,2372.04875,0.5172142857142857,0.5297857142857143,0.540142857142857,669.3777142857143,17.946357142857142,67.01185714285714,30.184285714285718,38.93264285714286,23.543928571428573,9.162357142857145,2.777142857142857,1217.36125,2830.97625,0.3825238095238095,0.3827619047619048,0.2673333333333333,19.86857142857143,5.235238095238096,36.35566666666666,19.649809523809527,32.87295238095238,8.380809523809523,15.609666666666667,2.720285714285714
2008,Maharashtra,932.6677083333334,1982.2181250000003,0.7414644970414201,0.7498964497041422,0.7353402366863906,887.0243195266272,17.356168639053255,78.59328402366864,26.498698224852077,34.23131656804733,21.42414201183432,7.417352071005917,4.566449704142012,1532.5054166666669,3447.0258333333336,0.6146055226824457,0.6101775147928994,0.4506903353057199,129.84757396449703,9.40715976331361,51.448422090729785,23.853057199211047,34.166666666666664,12.730059171597633,14.711508875739645,2.787859960552268
2008,Punjab,1116.5408333333332,2402.831666666667,0.5965,0.6177857142857144,0.6179285714285714,820.8988571428572,17.139357142857143,67.73128571428572,28.539571428571428,36.46578571428571,21.874142857142857,9.08,2.2620714285714287,1165.9816666666668,2700.47,0.4466666666666667,0.4517142857142857,0.3624285714285714,56.03428571428572,5.061571428571429,39.96852380952381,17.132142857142856,29.73447619047619,6.418761904761905,14.198571428571428,2.506904761904762
2008,Uttar Pradesh,981.2539583333332,2086.090833333333,0.7370032051282052,0.7541025641025642,0.7632852564102565,1113.926217948718,17.98788461538462,81.06983974358974,25.154535256410256,32.33586538461539,19.69822115384616,7.13801282051282,2.870288461538461,1243.392916666667,2885.36875,0.5177670940170941,0.5200854700854701,0.4554166666666667,27.47628205128205,6.509358974358975,50.05681623931625,16.468728632478634,28.020929487179487,5.650662393162393,13.8913141025641,2.450555555555556
2009,Gujarat,1123.8283333333334,2388.776,0.6372126436781609,0.6470977011494252,0.6220555555555556,692.6085555555555,18.54763888888889,74.733,29.18430555555556,36.50813888888889,24.57230555555556,7.339055555555555,5.241694444444444,1502.6549999999995,3387.613333333333,0.4929885057471265,0.4899233716475095,0.3378703703703703,53.78777777777778,8.585833333333332,45.27085185185185,24.773,35.21248148148148,15.406611111111111,13.359833333333334,3.439296296296296
2009,Haryana,1209.38375,2632.844375,0.4117142857142857,0.4160714285714285,0.3731428571428571,406.7645714285714,14.573785714285712,48.32735714285714,33.05657142857143,42.59471428571429,24.348000000000003,11.460214285714285,3.109714285714285,1210.8312500000002,2804.094375,0.3766666666666666,0.3768571428571428,0.2855714285714285,62.15485714285714,5.407476190476191,38.371523809523815,19.63828571428571,31.96609523809524,8.623857142857142,15.095,2.5988095238095243
2009,Maharashtra,1011.7577083333332,2158.610208333333,0.7153698224852071,0.7214644970414201,0.7046449704142012,795.0366863905326,17.44903846153846,76.03275147928994,27.33647928994083,34.82436390532544,22.15628698224852,8.127588757396449,4.711360946745562,1518.44125,3414.046666666667,0.6163412228796844,0.6118540433925049,0.4443195266272189,172.7969822485207,9.590917159763311,51.7694674556213,24.645710059171595,35.23059171597634,14.06630177514793,14.494714003944772,2.825226824457593
2009,Punjab,1208.7441666666668,2645.418333333333,0.4509285714285714,0.4573571428571429,0.3914285714285714,371.00542857142864,13.265928571428573,46.627357142857136,31.422285714285707,40.93264285714286,22.554357142857143,11.590214285714286,2.534,1156.4083333333333,2670.168333333333,0.4301904761904762,0.4336190476190476,0.351047619047619,93.88085714285714,4.944095238095238,39.63757142857143,17.261095238095237,29.156333333333336,6.974571428571427,13.980666666666666,2.375666666666667
2009,Uttar Pradesh,1108.1504166666666,2397.5525,0.5386698717948718,0.5469711538461539,0.5311378205128205,632.2878846153847,15.568429487179486,64.25759615384615,27.718701923076924,36.11706730769231,20.241858974358973,9.85158653846154,3.194791666666667,1258.24,2901.6039583333327,0.4993910256410256,0.5014209401709403,0.457542735042735,129.7742948717949,6.463461538461538,50.01302350427351,16.67969017094017,28.260245726495725,5.663696581196581,14.138215811965813,2.626292735042735
2010,Gujarat,1063.927,2233.491,0.7268965517241379,0.7434770114942529,0.7426111111111111,1031.3747777777778,19.359972222222225,78.7518888888889,28.847250000000003,35.33372222222222,24.387666666666668,6.076499999999999,4.81175,1481.9846666666667,3334.959,0.5613409961685824,0.5631417624521072,0.4557962962962963,114.52,9.744685185185183,52.62270370370371,23.968092592592598,33.58181481481481,14.835462962962964,12.469611111111112,3.407203703703704
2010,Haryana,1081.93375,2330.4275,0.5085714285714286,0.5202857142857144,0.5117142857142858,754.84,16.8105,62.00178571428572,31.12228571428572,40.08057142857143,22.623,9.346142857142857,3.028,1188.479375,2746.42,0.4222857142857143,0.4254761904761905,0.3593809523809523,60.64085714285714,6.167999999999999,43.1424761904762,19.552,31.45819047619048,8.259619047619049,14.781761904761906,2.422428571428571
2010,Maharashtra,958.2804166666668,2021.423125,0.7921745562130178,0.8024112426035502,0.7889497041420117,1102.965976331361,18.04727810650888,80.23023668639053,26.867485207100597,34.02704142011834,21.735310650887573,7.087692307692308,4.2511094674556205,1470.3677083333332,3282.4708333333333,0.6587869822485207,0.6564201183431954,0.5328303747534516,182.5024852071006,10.84915187376726,58.4901282051282,24.30759368836292,33.67602564102564,14.300581854043392,13.209250493096649,2.841528599605523
2010,Punjab,1102.506666666667,2385.790833333333,0.5529999999999999,0.5703571428571428,0.5493571428571429,744.0351428571428,15.779285714285717,61.45157142857144,29.418,38.22014285714286,21.02492857142857,9.689571428571428,2.4375714285714283,1156.04,2663.4483333333337,0.4517142857142857,0.4571428571428571,0.373,60.61571428571428,5.392761904761905,40.99704761904762,17.46557142857143,29.11333333333333,6.788857142857143,13.88495238095238,2.285142857142857
2010,Uttar Pradesh,1042.153125,2241.729791666666,0.5877403846153846,0.5985096153846154,0.5856410256410256,847.3891666666666,16.386682692307694,69.44375000000001,27.13003205128205,35.02820512820513,20.077051282051283,8.691490384615385,3.100272435897436,1249.1829166666666,2864.4129166666667,0.5162179487179488,0.5191132478632478,0.4808226495726496,78.17173076923078,6.979647435897436,52.65534188034187,16.751634615384614,28.12803418803419,6.150811965811965,13.842115384615385,2.528611111111112
2011,Gujarat,974.447,2055.7836666666662,0.6708333333333334,0.6839655172413794,0.6659999999999999,807.2963333333332,18.837,77.32847222222222,28.777361111111112,35.48338888888889,24.65961111111111,6.241777777777777,5.3636944444444445,1548.5356666666669,3482.492,0.5403639846743294,0.5402681992337165,0.4580185185185185,4.842777777777777,8.960425925925925,49.38231481481481,23.72407407407408,33.65885185185185,14.500333333333336,13.445944444444445,3.422518518518519
2011,Haryana,1091.328125,2343.949375,0.4934285714285714,0.5035,0.5025,644.8765714285715,17.654500000000002,64.70435714285713,30.85807142857143,39.79821428571429,23.566000000000003,9.176714285714286,2.965857142857143,1225.3975,2818.10625,0.422,0.4251428571428571,0.3822857142857143,42.42971428571428,6.0343333333333335,44.617,18.727571428571427,30.77928571428572,7.721380952380952,14.933714285714286,2.447380952380953
2011,Maharashtra,925.735,1962.2166666666667,0.7315236686390532,0.7388609467455621,0.7356804733727811,859.5089349112427,17.545665680473373,78.4203402366864,26.713431952662724,34.26387573964497,21.75449704142012,7.542218934911242,4.84991124260355,1566.560625,3542.43375,0.6071400394477316,0.6017258382642998,0.4435108481262327,63.336508875739646,9.12749506903353,50.49543392504932,23.98027613412229,34.479852071005915,13.61562130177515,15.45785996055227,2.8821005917159765
2011,Punjab,1092.3116666666667,2357.995,0.5432857142857143,0.5595714285714285,0.5467142857142858,670.472,16.672071428571428,63.86342857142857,29.40178571428572,38.00792857142857,21.6945,9.308,2.398357142857143,1150.285,2634.725,0.4691428571428571,0.4764761904761905,0.4268571428571428,54.24657142857143,5.4984285714285726,44.47947619047618,16.550809523809527,28.153428571428574,6.150190476190475,13.777476190476191,2.300619047619048
2011,Uttar Pradesh,1015.736875,2164.680625,0.688349358974359,0.7036858974358975,0.70875,1040.478846153846,17.535641025641027,77.44366987179487,25.851746794871797,33.0094391025641,19.899054487179487,7.701474358974359,3.0193429487179486,1250.43625,2888.7304166666663,0.5238995726495728,0.5258440170940171,0.4893696581196581,32.920064102564105,6.648279914529915,52.8976282051282,15.968557692307693,27.3311217948718,5.406698717948719,14.060950854700854,2.461089743589744
2012,Gujarat,1016.287,2154.758333333333,0.5677873563218392,0.5745402298850575,0.5555833333333333,494.7534444444444,18.294555555555554,73.01444444444444,29.30588888888889,35.91755555555556,24.952694444444443,6.990222222222223,5.742972222222222,1532.4033333333334,3478.505333333333,0.5049616858237548,0.5023371647509579,0.3606111111111111,7.849777777777778,7.877203703703703,44.21527777777778,23.281,33.71127777777778,13.00138888888889,13.919000000000002,3.606148148148148
2012,Haryana,1114.69625,2408.15,0.4566428571428572,0.4647142857142858,0.4234285714285714,537.8617142857142,15.208142857142857,53.67,32.27921428571429,42.11314285714285,24.25521428571429,10.388142857142856,3.4282142857142857,1212.34,2824.01625,0.3908095238095237,0.3914285714285714,0.3080952380952381,30.36485714285714,4.712333333333333,37.07376190476191,18.024571428571427,30.950952380952376,6.342571428571429,15.640571428571429,2.8596190476190477
2012,Maharashtra,935.1795833333332,1983.9904166666663,0.7254733727810649,0.7322633136094675,0.7081656804733727,822.5944378698225,17.2382100591716,76.94110946745562,26.894275147928997,34.89235207100592,21.86479289940829,7.640325443786982,4.980887573964496,1547.8170833333334,3510.739375000001,0.609792899408284,0.6046646942800787,0.4019822485207101,94.841775147929,8.804230769230768,48.43918145956607,24.09070019723866,34.86866863905326,12.071311637080868,15.263007889546351,2.9088067061143987
2012,Punjab,1141.381666666667,2481.6425,0.4721428571428571,0.4805714285714285,0.4159285714285714,447.37,14.034785714285713,51.11407142857143,31.11857142857143,40.92892857142856,22.858357142857145,10.777500000000002,2.845928571428572,1145.4658333333332,2651.158333333333,0.4398571428571429,0.4441904761904762,0.3732380952380952,68.52171428571428,4.648095238095238,41.33319047619048,15.753428571428572,28.398476190476188,5.046571428571429,14.14995238095238,2.630047619047619
2012,Uttar Pradesh,1025.2820833333333,2204.8179166666664,0.6068910256410256,0.6183814102564102,0.5999038461538462,864.5767948717948,16.050625,68.90690705128205,27.13334935897436,36.10240384615385,20.359134615384612,8.925592948717949,3.3052083333333337,1254.42125,2913.288958333333,0.5199786324786324,0.522232905982906,0.4901495726495726,60.17108974358975,6.082457264957266,51.939561965811976,15.201153846153844,27.131912393162395,3.847564102564102,14.378589743589744,2.7409401709401706
2013,Gujarat,1002.8646666666668,2103.641333333333,0.673735632183908,0.6872413793103449,0.6945555555555556,913.271777777778,18.92897222222222,78.76613888888889,28.423277777777777,35.17880555555556,24.541222222222224,5.978388888888889,5.304416666666667,1499.717666666667,3391.872,0.5415325670498083,0.5419731800766284,0.4295740740740741,43.72288888888889,8.79651851851852,49.008518518518514,23.337796296296293,33.022851851851854,13.23424074074074,12.94214814814815,3.481296296296296
2013,Haryana,1126.44125,2423.8125,0.5258571428571428,0.5384285714285714,0.5339285714285714,736.8465714285713,17.256,63.53807142857143,30.790142857142857,39.617714285714285,23.56314285714286,9.663428571428572,2.838714285714286,1176.87375,2716.29875,0.4211904761904761,0.4245714285714286,0.3833809523809524,143.54771428571428,6.307285714285714,47.01342857142857,18.18885714285714,29.89809523809524,6.754285714285715,14.53890476190476,2.701190476190476
2013,Maharashtra,858.1747916666666,1808.382708333333,0.7937721893491124,0.8038757396449704,0.8090976331360947,1066.0736686390533,17.88758875739645,82.77775147928995,25.94957100591716,33.07436390532544,21.690059171597632,6.652100591715977,4.8850739644970425,1484.2129166666666,3343.35125,0.6383136094674556,0.6351282051282051,0.4891617357001973,166.57609467455623,10.117810650887574,56.045,23.849378698224854,33.55857001972387,13.098570019723866,13.895473372781064,2.9714990138067066
2013,Punjab,1111.8108333333332,2410.1891666666666,0.5627142857142857,0.5803571428571428,0.5512142857142858,694.5268571428571,16.03557142857143,61.40635714285714,29.65871428571429,38.223,22.138,9.718142857142857,2.4337857142857144,1106.6,2546.88,0.4693809523809524,0.4770952380952381,0.4283809523809523,170.01771428571428,5.921571428571429,47.87966666666667,16.33704761904762,27.47657142857143,5.532666666666667,13.306857142857142,2.4549047619047624
2013,Uttar Pradesh,1001.3245833333332,2144.4535416666668,0.6907211538461538,0.7064102564102563,0.7187339743589743,1053.1576923076923,17.829134615384614,78.38525641025643,25.7867467948718,32.87583333333333,20.11379807692308,7.696875,2.8632852564102564,1196.1095833333334,2763.174583333333,0.5564423076923077,0.5611324786324786,0.5490384615384615,233.5650641025641,7.299412393162394,59.15149572649572,15.333824786324788,26.674455128205125,4.469797008547008,13.493760683760684,2.688333333333333
2014,Gujarat,1113.314,2364.6770000000006,0.6186206896551725,0.6279310344827586,0.5927222222222222,601.9913333333332,18.10055555555556,72.7713888888889,29.37713888888889,36.42333333333333,24.688805555555557,7.394611111111111,5.558805555555557,1470.2916666666663,3326.921333333333,0.5024329501915709,0.5004597701149426,0.3794259259259259,21.337,8.604981481481481,46.63944444444444,23.718185185185188,33.61042592592593,13.997796296296295,12.95301851851852,3.4315740740740743
2014,Haryana,1191.9981249999998,2587.5168750000003,0.4060714285714286,0.4090714285714286,0.3539285714285713,370.2802857142857,14.275928571428572,47.99264285714286,32.91557142857143,42.253928571428574,24.701785714285712,11.374928571428573,3.439857142857143,1139.5875,2639.303125,0.3823809523809524,0.3830476190476191,0.3141428571428571,111.32285714285716,5.40104761904762,41.23714285714286,18.38709523809524,30.58947619047619,7.588142857142858,14.618380952380951,2.557238095238095
2014,Maharashtra,991.269375,2116.584791666667,0.6968639053254437,0.702352071005917,0.6658284023668639,763.6491124260356,16.866405325443786,72.80359467455621,27.74284023668639,36.43772189349112,22.15008875739645,8.485192307692307,4.9157692307692304,1469.4733333333334,3305.724375,0.6016173570019724,0.5977712031558186,0.4702268244575937,125.7960946745562,9.99629191321499,55.30829388560159,23.6423865877712,34.17938856015779,12.86275147928994,14.265641025641024,2.922396449704141
2014,Punjab,1169.440833333333,2553.7208333333338,0.4811428571428571,0.4908571428571429,0.4273571428571429,504.9645714285714,13.658,49.89778571428572,31.12757142857143,39.683,23.13357142857143,10.806785714285713,2.782857142857143,1080.295,2494.145833333333,0.4648571428571428,0.4719047619047619,0.4208095238095238,130.57885714285715,5.515285714285715,46.19080952380953,15.967666666666666,27.409333333333336,6.053523809523809,13.255333333333336,2.381904761904762
2014,Uttar Pradesh,1090.8541666666663,2365.0145833333336,0.5649679487179486,0.5732051282051283,0.563125,694.7376923076923,15.762820512820513,65.68793269230768,27.65911858974359,36.36517628205128,20.503461538461536,9.515464743589742,3.214150641025641,1170.6091666666666,2696.8562500000003,0.5139636752136751,0.5165598290598291,0.5003311965811966,181.69942307692304,6.606858974358974,54.317756410256415,15.568418803418805,27.22868589743589,4.592318376068376,13.72580128205128,2.6423931623931622
2015,Gujarat,1067.9596666666666,2275.574,0.6148275862068966,0.6240517241379311,0.6351666666666667,648.203111111111,18.265138888888888,74.4101111111111,28.92861111111111,36.164777777777786,24.051111111111112,7.310305555555555,5.414861111111112,1475.2736666666665,3336.362666666667,0.4884291187739464,0.4853639846743294,0.3386296296296296,26.544444444444444,8.309962962962961,43.375925925925934,24.497888888888884,35.18861111111111,14.18688888888889,13.350148148148149,3.434481481481481
2015,Haryana,1145.265,2490.4775,0.4488571428571428,0.4547857142857142,0.4317142857142857,499.6771428571428,15.132357142857142,54.42521428571429,31.23542857142857,40.59235714285714,22.759,11.002857142857142,3.075214285714286,1145.919375,2647.938125,0.3734285714285715,0.3736666666666667,0.3065238095238095,138.49457142857142,5.647285714285714,41.24157142857143,19.067428571428568,31.724238095238093,7.57952380952381,14.777095238095235,2.6398571428571427
2015,Maharashtra,998.5308333333334,2138.0329166666666,0.6981065088757397,0.7041863905325444,0.6864940828402367,734.6469822485208,17.204260355029582,75.18894970414202,27.26051775147929,35.5478550295858,21.504985207100592,8.34664201183432,4.562396449704141,1490.6933333333334,3359.205833333333,0.5874063116370808,0.5823471400394477,0.4086587771203155,92.37497041420116,9.56404339250493,49.91435897435897,24.65328402366864,35.35130177514793,13.602652859960552,14.752376725838266,2.858757396449704
2015,Punjab,1135.4558333333334,2484.4066666666668,0.5136428571428571,0.5267857142857143,0.4920714285714285,546.5128571428571,14.46385714285714,55.39785714285714,29.65942857142857,38.76271428571428,21.65378571428571,10.646142857142856,2.624428571428572,1081.236666666667,2486.864166666667,0.4610476190476191,0.4679523809523809,0.4180952380952381,224.414,5.8315238095238096,47.47580952380952,16.640142857142855,28.756428571428568,6.177095238095237,13.109142857142857,2.423857142857143
2015,Uttar Pradesh,1093.8510416666668,2378.0081250000003,0.5898878205128205,0.598573717948718,0.5895352564102564,719.224423076923,15.93235576923077,67.94584935897436,26.939455128205125,35.510272435897434,19.42775641025641,9.284855769230768,3.1605288461538463,1159.540208333333,2690.085208333334,0.4784188034188033,0.4790064102564102,0.4459188034188033,166.94583333333333,6.435373931623932,50.2403952991453,16.604145299145298,28.6891452991453,5.356634615384617,14.12186965811966,2.5498397435897435
2016,Gujarat,1036.5500000000002,2187.850333333333,0.5996551724137932,0.6076149425287356,0.5848611111111112,553.5251111111111,18.17233333333333,74.0245,29.036250000000003,35.912499999999994,24.482333333333337,7.235444444444444,5.378888888888888,1506.0213333333334,3402.223,0.5016666666666666,0.4987931034482759,0.3347037037037036,50.39888888888889,8.36124074074074,44.77214814814815,24.451814814814814,34.71081481481482,15.218703703703705,13.525925925925923,3.2454259259259257
2016,Haryana,1119.8525,2425.24875,0.4621428571428571,0.4693571428571428,0.4615714285714286,520.5868571428572,16.435357142857143,58.22478571428572,31.601071428571423,40.135714285714286,24.5695,10.278214285714284,2.699285714285714,1190.49625,2763.87125,0.3562857142857142,0.3537142857142856,0.218047619047619,41.92428571428572,4.637380952380952,30.805666666666667,20.2902380952381,32.70638095238095,9.113571428571428,15.723428571428572,2.591142857142857
2016,Maharashtra,901.32875,1910.3760416666669,0.7506065088757398,0.7594082840236684,0.7496449704142012,1011.3604733727808,17.586508875739643,79.17557692307692,26.68284023668639,34.248002958579875,21.878298816568048,7.46139053254438,4.702781065088757,1522.3629166666665,3453.201458333333,0.6165581854043393,0.6112524654832348,0.4147140039447732,72.26076923076923,8.831439842209074,48.62568047337279,24.121844181459565,35.226518737672585,13.417357001972386,15.215285996055227,2.8484615384615384
2016,Punjab,1131.4775000000002,2463.5916666666667,0.5199999999999999,0.5335,0.508,563.0257142857143,15.655642857142858,57.97264285714287,30.25264285714286,38.31278571428572,23.122714285714284,10.181571428571427,2.382714285714285,1136.3166666666666,2638.8025,0.4303333333333333,0.4330476190476189,0.327047619047619,98.20942857142856,4.758095238095239,36.10561904761905,18.003380952380954,29.867761904761903,7.506857142857142,14.112,2.3636190476190477
2016,Uttar Pradesh,1009.3127083333334,2167.4489583333334,0.6487660256410257,0.662051282051282,0.6664743589743589,909.910641025641,17.402516025641027,74.65945512820512,26.58871794871795,34.038862179487175,20.731666666666666,7.881650641025641,2.8936378205128204,1224.5045833333331,2845.1262500000003,0.4932051282051282,0.4940811965811966,0.4247435897435898,72.97102564102565,5.959732905982906,44.761036324786325,17.193856837606837,29.076709401709405,6.380363247863248,14.549957264957266,2.554700854700855
2017,Gujarat,1027.2543333333333,2162.547,0.6789942528735632,0.6923850574712642,0.7078888888888889,763.8214444444444,18.91755555555556,78.24999999999999,28.539166666666667,34.91908333333333,24.38411111111111,6.426,5.172333333333333,1471.3263333333332,3338.507,0.5013026819923371,0.4980651340996169,0.3446666666666667,19.506666666666664,8.144537037037038,43.823314814814815,24.163648148148145,34.795796296296295,14.03625925925926,13.56025925925926,3.450462962962963
2017,Haryana,1110.824375,2397.74375,0.4398571428571428,0.4457857142857143,0.4299285714285714,487.4225714285715,16.01064285714286,56.389571428571415,31.460714285714285,40.95692857142858,23.86435714285714,10.595428571428572,2.9795714285714285,1182.7025,2752.7,0.3717142857142858,0.371047619047619,0.2843809523809523,72.74885714285713,4.942428571428572,36.82319047619048,19.340476190476192,32.649476190476186,7.4507142857142865,15.33509523809524,2.653523809523809
2017,Maharashtra,945.198125,2007.0504166666667,0.7287130177514793,0.7365384615384616,0.7416568047337277,896.112899408284,17.822884615384616,78.61921597633136,26.932426035502964,34.5616124260355,21.883831360946743,7.799068047337278,4.372278106508876,1512.6883333333333,3435.726458333333,0.617475345167653,0.6127021696252465,0.422189349112426,107.9385798816568,8.995571992110454,49.354970414201176,24.074615384615385,34.96661735700198,13.240611439842208,15.13449704142012,2.753836291913215
2017,Punjab,1120.8241666666668,2442.0733333333333,0.5304285714285715,0.5447857142857142,0.5251428571428571,593.8782857142857,15.600214285714287,59.05085714285714,29.67614285714286,38.905142857142856,22.13692857142857,10.138571428571428,2.4667142857142856,1114.9816666666666,2583.4725,0.4540476190476191,0.459904761904762,0.3946190476190476,167.0242857142857,5.151857142857144,43.18557142857143,16.879428571428573,29.31109523809524,5.859809523809524,13.651380952380954,2.388619047619048
2017,Uttar Pradesh,1000.6141666666666,2147.2385416666666,0.6109615384615383,0.6220032051282052,0.6295673076923076,772.6860256410256,16.939839743589744,72.09876602564103,26.78892628205128,34.74801282051283,20.56969551282051,8.476634615384615,3.004230769230769,1238.6672916666666,2863.5316666666668,0.4769551282051282,0.4770192307692307,0.4177457264957265,46.77352564102564,6.146688034188035,46.43496794871794,17.130021367521366,29.642585470085475,5.640726495726496,14.541282051282051,2.633151709401709
2018,Gujarat,981.2686666666668,2081.978666666667,0.5907471264367816,0.5973275862068965,0.5680555555555555,480.0466666666666,17.818583333333333,73.00680555555556,28.93611111111111,36.181916666666666,24.191388888888888,7.396750000000001,5.795527777777778,1478.8656666666668,3357.760333333334,0.4784674329501915,0.4737739463601533,0.2721296296296296,1.533222222222222,7.610759259259258,39.26822222222223,24.98492592592593,35.2714074074074,15.510092592592594,13.725888888888887,3.192203703703704
2018,Haryana,1047.5575,2248.753125,0.4969285714285714,0.5081428571428572,0.5034285714285713,672.5168571428571,17.007642857142855,62.07650000000001,30.98342857142857,39.74935714285714,23.65421428571429,9.613071428571429,2.976928571428572,1221.7425,2832.673125,0.3955238095238094,0.397047619047619,0.307047619047619,28.898,5.257809523809524,38.25438095238095,19.22257142857143,31.997,8.42757142857143,15.43861904761905,2.630761904761905
2018,Maharashtra,892.1068750000001,1897.866041666667,0.7194674556213018,0.7261390532544378,0.7207396449704142,774.017100591716,17.15834319526627,77.3378550295858,26.618431952662725,34.54988165680473,21.615059171597636,8.071020710059173,4.985917159763313,1473.2354166666669,3354.750833333333,0.5786094674556214,0.5721794871794872,0.3366568047337278,40.10544378698225,8.168629191321498,42.617938856015776,24.799556213017752,35.68214003944773,13.713155818540434,15.415966469428009,2.698224852071006
2018,Punjab,1078.736666666667,2325.2008333333333,0.5627142857142858,0.5820000000000001,0.5633571428571429,810.9305714285713,16.369642857142857,62.846428571428575,29.43414285714286,38.001642857142855,22.09571428571428,9.587571428571428,2.5423571428571425,1169.4733333333334,2711.369166666667,0.4813809523809523,0.4902380952380952,0.4292857142857142,84.02714285714285,5.298761904761904,43.10604761904762,16.722619047619048,28.791809523809523,6.448190476190476,13.877857142857144,2.3778571428571422
2018,Uttar Pradesh,956.4014583333332,2044.2091666666668,0.6575320512820513,0.6710576923076923,0.6659455128205128,917.4651282051282,17.216971153846153,73.8523076923077,26.66770833333333,34.210208333333334,20.300977564102567,8.127243589743589,3.2858012820512825,1262.2170833333332,2917.449375,0.4876709401709401,0.487542735042735,0.4132905982905983,23.210448717948715,5.8574145299145295,45.620138888888896,16.768098290598292,28.53586538461538,6.206431623931624,14.623055555555558,2.633643162393162
2019,Gujarat,1006.0253333333332,2112.778666666667,0.6708620689655171,0.6843103448275862,0.6724722222222221,951.6856666666667,19.20758333333333,77.24947222222222,29.217777777777776,35.85338888888889,24.91433333333333,6.437888888888889,5.407888888888889,1447.3463333333334,3242.822333333333,0.5784291187739464,0.581647509578544,0.4654814814814814,57.17944444444444,9.774796296296298,54.99946296296296,23.05455555555556,32.873777777777775,13.385666666666664,11.717629629629633,3.603166666666666
2019,Haryana,1108.688125,2382.92875,0.4485,0.4544285714285714,0.4257857142857143,498.9628571428571,16.45757142857143,57.27914285714286,32.25492857142857,41.6965,24.344857142857144,10.078857142857142,2.829142857142857,1086.071875,2483.969375,0.4023809523809523,0.4049047619047619,0.3611428571428571,117.85485714285714,6.350047619047619,49.71614285714285,17.79247619047619,30.62452380952381,6.8105714285714285,13.83942857142857,2.629714285714286
2019,Maharashtra,915.2883333333332,1934.88,0.7378994082840237,0.7455177514792899,0.7140828402366863,1086.186153846154,17.675147928994082,76.64449704142011,27.544585798816566,35.230576923076924,22.463801775147928,7.51939349112426,4.881301775147929,1447.0145833333336,3250.018125,0.6565976331360946,0.6545364891518738,0.4888461538461537,171.8515976331361,10.362731755424065,57.25894477317555,23.721094674556213,33.738047337278104,13.07811637080868,13.556597633136091,2.88638067061144
2019,Punjab,1132.84,2444.273333333333,0.5202857142857142,0.5339999999999999,0.4984285714285713,591.124,15.548214285714288,58.45842857142858,30.305714285714284,39.47385714285714,22.143,10.108214285714286,2.494428571428571,1025.1075,2326.875,0.5172380952380953,0.5307142857142858,0.4997142857142856,256.62457142857136,6.304000000000001,56.239047619047625,14.999,26.675666666666668,4.785,12.262857142857143,2.3315238095238096
2019,Uttar Pradesh,997.3752083333334,2133.431875,0.6123717948717948,0.624198717948718,0.6188461538461538,895.0353846153847,17.003317307692306,71.62104166666667,27.21022435897436,35.39490384615385,20.70762820512821,8.328573717948718,3.0606730769230768,1142.7016666666668,2619.380625,0.5471688034188035,0.5510149572649573,0.5221794871794873,143.30333333333334,7.201741452991453,59.26757478632479,15.32576923076923,27.155256410256413,3.8802243589743584,13.019935897435898,2.555683760683761
2020,Gujarat,1058.351333333333,2212.1933333333336,0.7220977011494252,0.7388793103448277,0.7482777777777778,1063.552222222222,19.906666666666663,79.61922222222222,29.002388888888888,35.063611111111115,24.62180555555556,5.862333333333334,4.612861111111111,1486.2416666666666,3340.706,0.5665900383141763,0.5683908045977012,0.5159814814814815,39.77033333333333,9.479277777777776,54.733,22.807333333333336,32.826092592592595,12.7125,12.515629629629627,3.441759259259259
2020,Haryana,1145.28625,2456.553125,0.4544285714285714,0.4613571428571428,0.4525714285714285,488.15342857142855,17.25557142857143,59.44778571428572,31.84507142857143,41.045142857142864,23.58085714285714,10.035785714285714,2.7715,1160.6731249999998,2678.91625,0.3893809523809524,0.3907619047619048,0.3304285714285714,139.46714285714285,5.746714285714286,46.6127142857143,18.058047619047617,30.764,6.797999999999999,14.608,2.6781428571428574
2020,Maharashtra,926.12,1951.1122916666664,0.8032988165680474,0.8143343195266272,0.8241124260355029,1158.1785798816568,18.578298816568047,82.79281065088757,26.58093195266272,33.215724852071006,21.946908284023667,6.71508875739645,3.9246153846153846,1452.4489583333334,3235.427083333333,0.6707988165680473,0.668905325443787,0.5768145956607494,181.16562130177516,11.292899408284024,63.24666666666668,23.36742603550296,33.0700788954635,13.068708086785009,13.126084812623276,2.89810650887574
2020,Punjab,1168.450833333333,2523.235,0.5495714285714286,0.5667857142857142,0.5493571428571429,634.9308571428571,16.63142857142857,62.48364285714285,29.697857142857146,38.621857142857145,21.633285714285712,9.824642857142855,2.398571428571429,1106.8891666666666,2550.5291666666667,0.5011428571428572,0.513095238095238,0.4793809523809524,287.53371428571427,5.920809523809524,54.03209523809523,15.256857142857143,26.777666666666665,4.586333333333333,12.823428571428574,2.4167142857142854
2020,Uttar Pradesh,980.7022916666668,2096.3966666666665,0.6452083333333334,0.6570352564102565,0.6696794871794873,784.0533333333333,17.766538461538463,76.24798076923076,26.24596153846154,33.64100961538461,19.560160256410256,8.036842948717949,2.8880929487179485,1197.8010416666666,2753.217083333333,0.5246794871794871,0.5269551282051282,0.509059829059829,164.73326923076922,6.969999999999999,57.15233974358974,15.459294871794873,27.12477564102564,4.227083333333333,13.610053418803416,2.5700747863247866
2021,Gujarat,1003.9293333333331,2109.268333333333,0.607787356321839,0.6170689655172414,0.6364722222222223,749.3894444444445,18.84975,75.80647222222221,29.043194444444445,35.180388888888885,24.958888888888893,6.688083333333333,5.561916666666667,1459.8863333333334,3298.008333333333,0.5608045977011494,0.562911877394636,0.4757407407407408,45.56355555555556,9.576074074074077,53.0710925925926,23.78437037037037,33.33174074074074,14.090092592592592,12.729833333333334,3.347462962962963
2021,Haryana,1077.793125,2313.6312500000004,0.5199285714285714,0.5324285714285715,0.539,712.1105714285713,17.602071428571428,64.76028571428571,30.85421428571429,39.60371428571429,23.967071428571423,9.2685,2.8257857142857143,1167.56875,2710.419375,0.4292380952380952,0.4325238095238095,0.3875714285714286,94.77485714285712,6.516666666666667,47.47028571428572,19.02938095238095,31.71795238095238,7.826619047619047,14.48490476190476,2.6491904761904763
2021,Maharashtra,899.2443750000001,1902.23625,0.770414201183432,0.779792899408284,0.7906360946745562,1017.539526627219,18.219186390532546,81.51230769230769,26.553431952662724,33.3378698224852,21.91258875739645,6.993431952662721,4.33810650887574,1411.6952083333333,3184.2166666666667,0.6585996055226824,0.655897435897436,0.5394871794871795,145.26106508875742,10.880285996055228,59.50966469428008,23.99629191321499,33.7282741617357,13.59156804733728,13.06585798816568,2.6810453648915185
2021,Punjab,1101.9383333333335,2386.8866666666663,0.5542857142857143,0.5719285714285715,0.5558571428571428,721.4062857142858,16.337428571428575,62.60321428571429,29.65021428571428,38.55721428571428,22.491642857142857,9.596928571428572,2.3692857142857147,1130.99,2627.5958333333333,0.4987619047619048,0.5090952380952382,0.4700952380952382,134.3182857142857,6.343095238095238,50.53823809523809,16.69447619047619,28.46542857142857,6.246380952380953,13.267714285714286,2.421238095238095
2021,Uttar Pradesh,958.3608333333334,2043.885,0.6780128205128206,0.6931570512820513,0.7089743589743589,946.8471153846152,17.98665064102564,78.37264423076924,25.97126602564102,33.503365384615385,20.52024038461538,7.610945512820512,3.0341987179487178,1195.2758333333334,2764.118125,0.5318696581196581,0.5352884615384615,0.4828739316239316,155.3300641025641,6.860384615384615,52.91958333333333,16.617916666666662,28.36180555555556,5.285940170940171,13.690897435897435,2.6173397435897434
2022,Gujarat,1031.8053333333337,2161.368666666667,0.7234482758620691,0.7403448275862068,0.7283333333333334,943.431111111111,19.013,79.32577777777777,28.43041666666667,34.39594444444444,24.021444444444445,6.0895,5.137444444444444,1497.337,3387.146,0.5436398467432951,0.5443103448275862,0.4657222222222222,44.65488888888888,9.257037037037035,52.16072222222221,23.701833333333337,33.58672222222222,14.172648148148149,12.974333333333334,3.2877407407407406
2022,Haryana,1090.455,2332.05375,0.4817857142857142,0.4907857142857143,0.4831428571428572,655.2951428571428,17.09207142857143,62.17578571428572,31.1835,39.63771428571428,23.799714285714284,9.6025,3.063642857142857,1189.086875,2721.72125,0.4727142857142857,0.4804761904761904,0.4587142857142857,163.85485714285716,7.252523809523808,55.28566666666666,18.57538095238095,31.22271428571429,7.920190476190476,14.063333333333333,2.6795714285714287
2022,Maharashtra,911.7264583333334,1919.3908333333327,0.7994822485207099,0.8100295857988167,0.7920414201183432,1159.7972781065089,17.89156804733728,80.66855029585798,26.63073964497041,34.06261834319526,21.90637573964497,6.953446745562131,4.349807692307692,1448.759166666667,3269.521666666667,0.657800788954635,0.6549408284023669,0.5533826429980276,153.83408284023668,10.4898224852071,60.24284023668639,23.34381656804733,33.48942800788955,12.423145956607495,13.723500986193294,2.7831360946745565
2022,Punjab,1101.2841666666668,2359.016666666667,0.6045714285714286,0.6262142857142857,0.6097142857142858,887.6017142857143,16.800714285714285,66.76971428571429,28.982214285714285,36.686,21.890571428571427,8.846642857142857,2.4580714285714285,1131.815833333333,2578.6425,0.5546666666666668,0.5715238095238094,0.5459999999999999,217.9182857142857,7.015904761904761,58.15671428571429,16.323238095238096,27.88357142857143,6.295666666666666,12.583285714285717,2.4243333333333337
2022,Uttar Pradesh,1015.505,2172.245625,0.5733173076923077,0.5818589743589744,0.5768910256410256,773.6945512820512,16.463798076923077,69.82766025641027,27.088509615384616,35.11299679487179,20.54684294871795,8.834599358974359,3.178733974358974,1204.6954166666667,2770.521875,0.5911004273504273,0.5978952991452992,0.5873076923076924,234.1460256410257,7.715715811965811,63.64810897435898,15.43852564102564,26.795886752136752,4.933344017094017,13.123247863247864,2.5311217948717952
